"topic","name_vi","id","subject","status","file","sha256","review_note"
"vietnamese-cuisine","Món Việt","banh-mi","A Vietnamese banh mi baguette with pork, cucumber and cilantro peeking out","needs_alpha","_needs-alpha/vietnamese-cuisine/banh-mi.png","92FF93A2E6B727F0723331020EDD99A7FD813FF0D6DCD395AAE31B31EF8898B2",
"vietnamese-cuisine","Món Việt","pho-bo","A ceramic bowl of Vietnamese beef pho with flat noodles, herbs and beef slices","needs_alpha","_needs-alpha/vietnamese-cuisine/pho-bo.png","A57BCDE8DF78CBCFDCC1075ADC6DC0733181ECA29AB9AC5EECD3B4F69F48D709",
"vietnamese-cuisine","Món Việt","banh-xeo","A folded golden Vietnamese crispy pancake showing shrimp and bean sprouts","needs_alpha","_needs-alpha/vietnamese-cuisine/banh-xeo.png","13CCD4D106BA4382DBB593FFFBEABF5D49EF5F77145CDFBA80657E1CF9BA59CB",
"vietnamese-cuisine","Món Việt","goi-cuon","Two translucent Vietnamese fresh spring rolls showing shrimp, herbs and vermicelli","needs_alpha","_needs-alpha/vietnamese-cuisine/goi-cuon.png","688FCA397F4564B8C0B34ECB041E39E7D58FFBBE2D319B1C37EF722E314F34AC",
"vietnamese-cuisine","Món Việt","bun-cha","A compact serving of Vietnamese grilled pork with rice noodles and dipping bowl","alpha_verified","stickers/vietnamese-cuisine/bun-cha.png","1544C9530FDD7098C3AD875BCF973F3E3089AD24B7506170CF3AF8AB6076EB04",
"vietnamese-cuisine","Món Việt","banh-cuon","Soft Vietnamese steamed rice rolls topped with crisp shallots","alpha_verified","stickers/vietnamese-cuisine/banh-cuon.png","E019FC8CC143FC9869FDC4F277882CE9A5E44C82CF1A4AEBDA22047536C7C1F2",
"vietnamese-cuisine","Món Việt","banh-chung","One square Vietnamese banh chung wrapped in dark green leaves and crossed bamboo ties","alpha_verified","stickers/vietnamese-cuisine/banh-chung.png","9C3340A98B52F04A2571A3A845A05108610C969396680FB13EC2880979F92FE0",
"vietnamese-cuisine","Món Việt","che-ba-mau","A clear dessert glass with three distinct layers of Vietnamese beans, jelly and coconut milk","alpha_verified","stickers/vietnamese-cuisine/che-ba-mau.png","1E4E2272DFF59F88104C78A9C5F58A2C4BCB0CFF6989A3684D7C8E62E5125680",
"vietnamese-tet","Tết Việt","banh-chung","One square Vietnamese banh chung wrapped in dark green leaves and crossed bamboo ties","alpha_verified","stickers/vietnamese-tet/banh-chung.png","9C3340A98B52F04A2571A3A845A05108610C969396680FB13EC2880979F92FE0",
"vietnamese-tet","Tết Việt","tet-lucky-envelope","A red Vietnamese lucky money envelope decorated with a simple gold blossom, no writing","needs_alpha","_needs-alpha/vietnamese-tet/tet-lucky-envelope.png","296E977D628D0D5892AF93F5D54243A7805C6BE8F6DC1C577081A4D9FEE394AF",
"vietnamese-tet","Tết Việt","tet-kumquat-pot","A small festive kumquat tree with orange fruits in a red ceramic pot","alpha_verified","stickers/vietnamese-tet/tet-kumquat-pot.png","85419597148A4685551B324BE1C89BE460EDE99AC6D4B3D3C33D3D5CAC10205B",
"vietnamese-tet","Tết Việt","tet-peach-blossom","A graceful branch of pink peach blossoms tied with a red ribbon","alpha_verified","stickers/vietnamese-tet/tet-peach-blossom.png","BEB0923C5158A6DB78204A6D26B90D782217ADDFA2FA5482EFD03FE0490CD531",
"vietnamese-tet","Tết Việt","tet-lion-head","A cheerful Vietnamese lion dance head with red, cream and gold fabric details","alpha_verified","stickers/vietnamese-tet/tet-lion-head.png","0304462B13DB8AC0C53F4247B534B435E0EECE0BD86DB299EA06B3DA507CFEFC",
"vietnamese-tet","Tết Việt","tet-watermelon","A round watermelon and one triangular red slice arranged as a single sticker","alpha_verified","stickers/vietnamese-tet/tet-watermelon.png","AF8D0E185A50A74FCC0BA0BDC4D1F8EFD34A0DF787D8860BFB3B6AB8B04016FA",
"vietnamese-tet","Tết Việt","tet-coconut-candy-tray","A round divided lacquer tray filled with curled colorful candied coconut strips","alpha_verified","stickers/vietnamese-tet/tet-coconut-candy-tray.png","C9B70FE052FE8FB2CD8410B0E472CDC63DD022D785FF73A35E311FDC775D08F8",
"vietnamese-tet","Tết Việt","tet-firecracker-string","A decorative hanging string of red cylindrical firecrackers with gold bands","alpha_verified","stickers/vietnamese-tet/tet-firecracker-string.png","90039C47F04D7A798303E0CC86519748C3AEB52F69ED81014D6F015C741F6002",
"beekeeping","Nghề nuôi ong","beehive-skep","A golden straw skep beehive with a small entrance and one tiny friendly bee","needs_alpha","_needs-alpha/beekeeping/beehive-skep.png","8F07FD7C89091D0B09C56E46A5FC7B98BC82B2454BA684E98C34D7D123394D10",
"beekeeping","Nghề nuôi ong","honey-dipper","A wooden honey dipper with a small ribbon of golden honey","alpha_verified","stickers/beekeeping/honey-dipper.png","AAA0809D420432AF0CB003E85E27CD7D26A335BA84E87C8E395209C7145C449C",
"beekeeping","Nghề nuôi ong","bee-smoker","A metal beekeeping smoker with a brown bellows and a tiny curl of smoke","alpha_verified","stickers/beekeeping/bee-smoker.png","6D9488E14FEE9A36B85EEDD16EBA3EEE8C4ED3ACA35838EA86F7AB5168A829CB",
"beekeeping","Nghề nuôi ong","beekeeper-veil-hat","A wide brim straw beekeeping hat with a white mesh veil, no person","needs_alpha","_needs-alpha/beekeeping/beekeeper-veil-hat.png","4FFB8FE3468E6702540E182B6839DFAB75DFC6E2E20416627377B3BA9E984DFF",
"beekeeping","Nghề nuôi ong","honeycomb-frame","A rectangular wooden beehive frame filled with hexagonal golden honeycomb","alpha_verified","stickers/beekeeping/honeycomb-frame.png","8A42C8F6972C22EFBD864B220D267044B32EFAA366AE148266DDA4DB0959E0C1",
"beekeeping","Nghề nuôi ong","honey-extractor","A small stainless steel honey extractor drum with a hand crank and honey tap","alpha_verified","stickers/beekeeping/honey-extractor.png","9EA747B40BBC0B584C492B055C97B42F56EFBF1ECD6481C72150E33650F3F6E9",
"beekeeping","Nghề nuôi ong","beekeeper-gloves","A pair of long cream beekeeping gloves with pale yellow hands","alpha_verified","stickers/beekeeping/beekeeper-gloves.png","2288834B927A3F2C773D1AC8010A5C98BB98E1B4DA2B4553B4C707D991D5EA6D",
"beekeeping","Nghề nuôi ong","bee-feeding-jar","An inverted glass bee feeding jar on a small yellow hive feeder base","alpha_verified","stickers/beekeeping/bee-feeding-jar.png","2A08D47DFC225572F0E6955E10DC213BA1863025A6552D3B64AD22786E5AD554",
"honey-breakfast","Bữa sáng với mật ong","honey-dipper","A wooden honey dipper with a small ribbon of golden honey","alpha_verified","stickers/honey-breakfast/honey-dipper.png","AAA0809D420432AF0CB003E85E27CD7D26A335BA84E87C8E395209C7145C449C",
"honey-breakfast","Bữa sáng với mật ong","honey-pancakes","A short stack of fluffy pancakes topped with butter and a light drizzle of honey","needs_alpha","_needs-alpha/honey-breakfast/honey-pancakes.png","C4BAA8C11610C7895DE7B0E72CE57AEB1C52CF941AE468614CF5683111BC0185",
"honey-breakfast","Bữa sáng với mật ong","honey-waffles","A golden square waffle with banana slices and a light honey drizzle","needs_alpha","_needs-alpha/honey-breakfast/honey-waffles.png","121E9A3A8615EACBE4F400A8AF70161FE3428A5A3B2DC3F6C80B18EE1C660390",
"honey-breakfast","Bữa sáng với mật ong","honey-parfait","A clear breakfast parfait glass with yogurt, granola and a golden honey layer","needs_alpha","_needs-alpha/honey-breakfast/honey-parfait.png","DAD408BA92D2D5670E60682267357DC926E1007BE7F053261F344F26204C6BCD",
"honey-breakfast","Bữa sáng với mật ong","honey-toast","A slice of toast topped with ricotta, figs and a light drizzle of honey","needs_alpha","_needs-alpha/honey-breakfast/honey-toast.png","FEB0FB99EED85E7258E8058C4063B45525A39CE33F73D05653A061082EF05C50",
"honey-breakfast","Bữa sáng với mật ong","honey-crumpet","A round porous breakfast crumpet topped with a small pool of honey","alpha_verified","stickers/honey-breakfast/honey-crumpet.png","D2405C79221CD27BF95343B19E9023AE9D7E4E0CD36C0FBD94E0D141FCA985C6",
"honey-breakfast","Bữa sáng với mật ong","honey-butter-dish","A small butter dish holding pale golden whipped honey butter","needs_alpha","_needs-alpha/honey-breakfast/honey-butter-dish.png","109962ABA8172BA7E9463D857E532F0142FA50A836E9FA6B3ECFAC8FB3D2275C",
"honey-breakfast","Bữa sáng với mật ong","honey-lemon-tea","A clear mug of amber honey tea with one lemon slice and a cinnamon stick","needs_alpha","_needs-alpha/honey-breakfast/honey-lemon-tea.png","C1D98493626B1C7ABECDDFA192879049C61162B61E310BB6EFDB5908E1677568",
"pottery-studio","Xưởng gốm","terracotta-amphora","A small unglazed terracotta amphora with two handles and a simple dark geometric band","alpha_verified","stickers/pottery-studio/terracotta-amphora.png","851D6CC995DC7AE58041EC79B014DBA2D10AD7AB384F82FA9FE74E2ABDD2BEE7",
"pottery-studio","Xưởng gốm","pottery-wheel","A compact pottery wheel with one unfinished terracotta bowl centered on its round wheel head","needs_alpha","_needs-alpha/pottery-studio/pottery-wheel.png","F61474D53FA17DDAAC4F4CC1BF4C326CE8DE7885BA97DFB3970A59D9F4767479",
"pottery-studio","Xưởng gốm","wet-clay-lump","A moist brown lump of pottery clay with one thumb indentation","alpha_verified","stickers/pottery-studio/wet-clay-lump.png","618DE20E014991A91B3A95AD50DDDE1E365D33B6CE11D503041BC31DC4EE5BCE",
"pottery-studio","Xưởng gốm","potter-rib-tool","A kidney shaped wooden potter's rib tool with one round finger hole","alpha_verified","stickers/pottery-studio/potter-rib-tool.png","C408124E04E32F605EA9752B4688D6B99C0FBA73A5DC6DC53E5A56778E130D6A",
"pottery-studio","Xưởng gốm","clay-wire-cutter","A curved pottery cutting wire connecting two small wooden handles","alpha_verified","stickers/pottery-studio/clay-wire-cutter.png","56B234E0846F08F1D8420BE69B7AABD2A569DECB76D0BDDC831BFB3DD1049C03",
"pottery-studio","Xưởng gốm","loop-trimming-tool","A wooden handled pottery trimming tool with a rounded metal loop","alpha_verified","stickers/pottery-studio/loop-trimming-tool.png","7ECA10FC7C044203714E6C45B44E2978C2F6D5606761D0F42A176369E9379BE1",
"pottery-studio","Xưởng gốm","glazing-brush","A thick pottery glazing brush with a bamboo handle and broad soft bristles","alpha_verified","stickers/pottery-studio/glazing-brush.png","D07265DB235F4AE75D9038FF5FDABF1AA77634AAE90752E4C02E752F59B2D41B",
"pottery-studio","Xưởng gốm","ceramic-kiln","A small brick pottery kiln with an arched front opening, a clay vase on a shelf and a short chimney","needs_alpha","_needs-alpha/pottery-studio/ceramic-kiln.png","FAF2D2721F74BD99281A8D10C68BF7AEC2DD7A48C184D8C0BB5D7554C8358E14",
"archaeology","Khảo cổ học","terracotta-amphora","A small unglazed terracotta amphora with two handles and a simple dark geometric band","alpha_verified","stickers/archaeology/terracotta-amphora.png","851D6CC995DC7AE58041EC79B014DBA2D10AD7AB384F82FA9FE74E2ABDD2BEE7",
"archaeology","Khảo cổ học","excavation-trowel","An archaeologist's short triangular excavation trowel with a worn wooden handle","alpha_verified","stickers/archaeology/excavation-trowel.png","F05D3C861089D265FA2A306B9F1ADFC6164B6DFA64C72B9514D5BD3B33883A8A",
"archaeology","Khảo cổ học","archaeology-sieve","A square wooden archaeology sieve with wire mesh and a few small stones","alpha_verified","stickers/archaeology/archaeology-sieve.png","1CC354E99A2EDFEF3AAB7A5D93F3326C8EDAFA38B67F0C39D4996EA184AF8265",
"archaeology","Khảo cổ học","artifact-brush","A small archaeological dusting brush with a short dark handle and rounded bristles","alpha_verified","stickers/archaeology/artifact-brush.png","6939C34D68725613BF9DCDF230668AA565DAB30643F924E1A1DC6E0134DB0365",
"archaeology","Khảo cổ học","stratigraphy-block","A cutaway earth block showing four clearly colored archaeological soil layers","alpha_verified","stickers/archaeology/stratigraphy-block.png","2DBFF40CD3C7E0E2F957780869AEA65F9438E39A55F4B7574C92100BCE9A56FC",
"archaeology","Khảo cổ học","stone-tablet","An ancient chipped stone tablet with simple abstract incised pictographs","alpha_verified","stickers/archaeology/stone-tablet.png","81395C5D488A87CC06169D29A109ED39DC8071E5BD133120F4DA288841CDB38F",
"archaeology","Khảo cổ học","mosaic-fragment","A broken ancient mosaic fragment with a blue and cream geometric pattern","alpha_verified","stickers/archaeology/mosaic-fragment.png","119E1C438AC5F8C097DB3B393A9340C69E76FD273F021BD2FD2510572212DB9C",
"archaeology","Khảo cổ học","amphitheatre-model","A small freestanding ruin of a circular stone amphitheatre","alpha_verified","stickers/archaeology/amphitheatre-model.png","59EF36410F8218B63E175D5BB2BC2EB6379556839EEEF63C6B8F82004BBE695F",
"sewing-room","Góc may vá","tailor-dress-form","A plain cream tailor's dress form torso on a brown wooden stand","alpha_verified","stickers/sewing-room/tailor-dress-form.png","BCE522AD2BD2037A7056F523CE5F2ED9AC0626BC1F069B98EAAE960445919D7A","White cut margin reaches the top canvas edge; needs clear top padding."
"sewing-room","Góc may vá","sewing-machine","A small vintage mint green sewing machine with a small fabric scrap under its needle","needs_alpha","_needs-alpha/sewing-room/sewing-machine.png","5F635A733544B991A93E45C033811A4E82CD7E790C3D20B0561F9F68AE785076",
"sewing-room","Góc may vá","tomato-pincushion","A red tomato shaped pincushion with several colored pin heads","alpha_verified","stickers/sewing-room/tomato-pincushion.png","9AD638AD370BBAD19162D6FBD3B0EF0B882D49FA328C28B8F5E9D2347144E7C1",
"sewing-room","Góc may vá","fabric-shears","A pair of heavy tailor's fabric shears with dark handles","alpha_verified","stickers/sewing-room/fabric-shears.png","445A49A0E1EA05F3292D0210400F19B22149E3D0542FEE6304E0422C2F209640","Left scissor blade and sticker margin touch the canvas edge. Reframe with clear padding and clean inner handle holes."
"sewing-room","Góc may vá","seam-ripper","A small sewing seam ripper with a pink handle and forked metal tip","alpha_verified","stickers/sewing-room/seam-ripper.png","53A81091DB006F61674867916FB5E66AD0EEF9AABE19810CAE935A22851A0E7D",
"sewing-room","Góc may vá","tape-measure-coil","A loosely coiled yellow tailor's measuring tape with simple tick marks, no readable numbers","alpha_verified","stickers/sewing-room/tape-measure-coil.png","46262125C29DF18D02933E7A65E80A3A6261C870C1C6F0AEA56982C923286CAC",
"sewing-room","Góc may vá","thread-spool-rack","A small wooden rack holding six pastel sewing thread spools","alpha_verified","stickers/sewing-room/thread-spool-rack.png","ABEEF31C7565B4D89F7F3CFDD91194DB27C8F234DC3C50F3FF60B0AB2CA818D2",
"sewing-room","Góc may vá","sewing-zipper","A partially open teal clothing zipper with a simple metal pull","needs_alpha","_needs-alpha/sewing-room/sewing-zipper.png","DC390BBB8471FF56EE0FA751C99E2D3E6536D3CD3A818F9F69C52586EFA0D2C2",
"theatre-backstage","Hậu trường sân khấu","tailor-dress-form","A plain cream tailor's dress form torso on a brown wooden stand","alpha_verified","stickers/theatre-backstage/tailor-dress-form.png","BCE522AD2BD2037A7056F523CE5F2ED9AC0626BC1F069B98EAAE960445919D7A","White cut margin reaches the top canvas edge; needs clear top padding."
"theatre-backstage","Hậu trường sân khấu","theatre-masks","A pair of classic comedy and tragedy theatre masks, warm ivory and muted red","alpha_verified","stickers/theatre-backstage/theatre-masks.png","DAC97FE774372242C18F6D141ABB4F1984E0CEE5CE2EFBA59552F31B59347942",
"theatre-backstage","Hậu trường sân khấu","stage-spotlight","A black theatrical stage spotlight with four barn doors on a small support","needs_alpha","_needs-alpha/theatre-backstage/stage-spotlight.png","AA385650FAE04921F1CF15D4AB59AD9BECBB18A40ADEE1A08744F0DEC80925DD",
"theatre-backstage","Hậu trường sân khấu","red-theatre-curtain","A pair of parted red velvet theatre curtains with gold tiebacks, no background","alpha_verified","stickers/theatre-backstage/red-theatre-curtain.png","17383D2C33F03ED8675AA1B69CCC56FE960F5D853D8CC61A8EF2D9B68AFDA2D8",
"theatre-backstage","Hậu trường sân khấu","theatre-ticket","Two cream theatre admission tickets with a small mask emblem, no readable writing","needs_alpha","_needs-alpha/theatre-backstage/theatre-ticket.png","F86B858C0DF256636A4A1F4BADA10B6B7DF732D227AE71EE1B8EA9FEA2BD1470",
"theatre-backstage","Hậu trường sân khấu","proscenium-stage-model","A miniature wooden theatre stage with an arch and small empty raised platform","needs_alpha","_needs-alpha/theatre-backstage/proscenium-stage-model.png","018D84F24E66F64146A8DF6367DF4AA3B6ED8335F535F65267781E747BEE8B4C",
"theatre-backstage","Hậu trường sân khấu","opera-binoculars","A pair of small cream and brass opera binoculars with a short handle","needs_alpha","_needs-alpha/theatre-backstage/opera-binoculars.png","195F1EC87B196C02456A27A9CEE351F3E73A81E7741883C94A253A291579226F",
"theatre-backstage","Hậu trường sân khấu","theatrical-mustache","A curled black theatrical false mustache attached to a thin wooden prop stick","alpha_verified","stickers/theatre-backstage/theatrical-mustache.png","5AF7DC55D18CFD2482B99EF8795DF2C0F113E4CFF1D742BAA5AF6271D0B13E35",
"forest-fungi","Nấm rừng","mushroom-basket","A low wicker foraging basket holding three varied woodland mushrooms","needs_alpha","_needs-alpha/forest-fungi/mushroom-basket.png","46062297B2052BB487D815860CD77B6E1530A08E33328AA597F9013A89498005",
"forest-fungi","Nấm rừng","fly-agaric","A red fly agaric mushroom with cream spots and a thick pale stem","alpha_verified","stickers/forest-fungi/fly-agaric.png","086C5B03B2BC49485459CDFD15B9DB2B934F7BBE4C3684A296F4AC69FD955FA7",
"forest-fungi","Nấm rừng","chanterelle","A cluster of three golden chanterelle mushrooms with funnel shaped caps","needs_alpha","_needs-alpha/forest-fungi/chanterelle.png","F9EB1129DC3E61D34B55AF164A00C361A5F0E70FEC659A85311A6D822CF93D20",
"forest-fungi","Nấm rừng","morel","A brown morel mushroom with a tall honeycomb textured cap","needs_alpha","_needs-alpha/forest-fungi/morel.png","F2D9D5EC7278188CADFB943D98A4DE4307B1987CED37E6D73808A1577B7F984F",
"forest-fungi","Nấm rừng","oyster-mushroom","A layered cluster of pale gray oyster mushrooms growing from one short stem base","needs_alpha","_needs-alpha/forest-fungi/oyster-mushroom.png","5226CCEC2542D26073522D3960518B3657D29B252F5BBCD83D5ACB16DA320D67",
"forest-fungi","Nấm rừng","porcini","A stout porcini mushroom with a broad brown cap and thick cream stem","needs_alpha","_needs-alpha/forest-fungi/porcini.png","E83915A023B2BFDC4F26A20FDC20E724941420AB739D8F528A6C28C07E75F965",
"forest-fungi","Nấm rừng","lions-mane-mushroom","A cream lion's mane mushroom forming a soft ball of cascading fine spines","needs_alpha","_needs-alpha/forest-fungi/lions-mane-mushroom.png","000135D592F0A561F6FDA5B08A6AF3D51CF28E11DA4096782A3E98845B0982EB",
"forest-fungi","Nấm rừng","coral-fungus","A small golden coral fungus with many rounded branching tips","needs_alpha","_needs-alpha/forest-fungi/coral-fungus.png","3DA312A6D0D7AB2E3548D0E32643E9C727857EC10F598BCC9FE01AA9389F71C7",
"woodland-foraging","Hái lượm trong rừng","mushroom-basket","A low wicker foraging basket holding three varied woodland mushrooms","needs_alpha","_needs-alpha/woodland-foraging/mushroom-basket.png","46062297B2052BB487D815860CD77B6E1530A08E33328AA597F9013A89498005",
"woodland-foraging","Hái lượm trong rừng","foraging-knife","A folding mushroom knife with a curved blade and brush at the handle end","needs_alpha","_needs-alpha/woodland-foraging/foraging-knife.png","D8D10B1F8AF468E97CCC0811959CEA1E9C047D37BED36434F6FA988BFDF00D8A",
"woodland-foraging","Hái lượm trong rừng","wild-blackberry-branch","A short blackberry branch carrying ripe purple berries and serrated green leaves","needs_alpha","_needs-alpha/woodland-foraging/wild-blackberry-branch.png","51D923B61EF60DC539FC2C1B1BBF3EC9498D2C84DA43E33CE87E977ADA5E007D",
"woodland-foraging","Hái lượm trong rừng","wild-chestnut","An opened spiky green chestnut husk revealing two smooth brown chestnuts","needs_alpha","_needs-alpha/woodland-foraging/wild-chestnut.png","9193FE5CC134A583DD70C906549C8354932F366DAD74CEB889236646EB306F7C",
"woodland-foraging","Hái lượm trong rừng","wild-rosehips","A short twig carrying orange rosehips and a few small green leaves","needs_alpha","_needs-alpha/woodland-foraging/wild-rosehips.png","9309D4517ABB8A7169FDCDDB4B8692C2D19761F8C0B2367F3F5BD65447516E6D",
"woodland-foraging","Hái lượm trong rừng","wild-garlic-bundle","A small tied bundle of broad wild garlic leaves with white star shaped flowers","needs_alpha","_needs-alpha/woodland-foraging/wild-garlic-bundle.png","FD6E836B1F6B7077D311D16BB523C85A308FEDDF8DD8A74B2BA25B1AC74141D3",
"woodland-foraging","Hái lượm trong rừng","fiddlehead-ferns","Three fresh green fiddlehead fern shoots with tightly curled tips","needs_alpha","_needs-alpha/woodland-foraging/fiddlehead-ferns.png","B7D1CAAAE6AD9D5D8402D19ED1093FB8480250D6E50A46671B0057A902F77D6B",
"woodland-foraging","Hái lượm trong rừng","foraging-field-guide","An open pocket field guide displaying a mushroom sketch and a leaf sketch, no writing","needs_alpha","_needs-alpha/woodland-foraging/foraging-field-guide.png","78F6A881C413367FC5FC2646C2108ADD791E49F51F68ADF52CC4FD8F1751EAD1",
"terrarium-workshop","Làm terrarium","haworthia-pot","A compact zebra haworthia succulent with white striped pointed leaves in a plain terracotta pot","needs_alpha","_needs-alpha/terrarium-workshop/haworthia-pot.png","84951F0223D3A11943C47EC9815C9076B91A2C8462007B8D61E47ABA323FB1BC",
"terrarium-workshop","Làm terrarium","closed-jar-terrarium","A closed glass jar terrarium containing moss, a tiny fern and layers of soil","needs_alpha","_needs-alpha/terrarium-workshop/closed-jar-terrarium.png","95F1B6D93E153A340C4F3C4DD1CC82E3004E2C94AB6230877A256421F6CA1E75",
"terrarium-workshop","Làm terrarium","terrarium-tweezers","A pair of long slender curved terrarium tweezers","missing",,,
"terrarium-workshop","Làm terrarium","terrarium-mister","A small ribbed amber glass plant mister with a brass spray top","missing",,,
"terrarium-workshop","Làm terrarium","terrarium-pebbles","A small open kraft pouch spilling a few smooth decorative terrarium pebbles","missing",,,
"terrarium-workshop","Làm terrarium","terrarium-moss","A rounded cushion of lush green terrarium moss on a thin soil base","missing",,,
"terrarium-workshop","Làm terrarium","terrarium-charcoal","A small wooden scoop holding several irregular black activated charcoal chunks","missing",,,
"terrarium-workshop","Làm terrarium","terrarium-funnel","A small copper funnel with a long narrow stem for arranging terrarium substrate","missing",,,
"succulent-collection","Bộ sưu tập sen đá","haworthia-pot","A compact zebra haworthia succulent with white striped pointed leaves in a plain terracotta pot","needs_alpha","_needs-alpha/succulent-collection/haworthia-pot.png","84951F0223D3A11943C47EC9815C9076B91A2C8462007B8D61E47ABA323FB1BC",
"succulent-collection","Bộ sưu tập sen đá","echeveria-pot","A pale blue green echeveria succulent with a broad layered rosette in a cream pot","missing",,,
"succulent-collection","Bộ sưu tập sen đá","jade-plant-pot","A compact jade plant with thick oval green leaves in a muted blue pot","missing",,,
"succulent-collection","Bộ sưu tập sen đá","string-of-pearls-pot","A string of pearls succulent with dangling round green beads in a hanging cream pot","missing",,,
"succulent-collection","Bộ sưu tập sen đá","lithops-pot","A small cluster of split pebble shaped lithops plants in a shallow sand filled pot","missing",,,
"succulent-collection","Bộ sưu tập sen đá","burros-tail-pot","A burro's tail succulent with thick cascading braided stems in a blush pot","missing",,,
"succulent-collection","Bộ sưu tập sen đá","panda-plant-pot","A fuzzy pale green panda plant with brown edged oval leaves in a gray pot","missing",,,
"succulent-collection","Bộ sưu tập sen đá","aeonium-pot","A dark burgundy aeonium succulent with a tall stem and flat rosette in a beige pot","missing",,,
"snorkeling","Lặn ngắm san hô","staghorn-coral","A single muted golden staghorn coral colony with thick branching antler shapes","missing",,,
"snorkeling","Lặn ngắm san hô","snorkel-mask","A teal snorkeling mask with two clear lenses and a soft silicone nose pocket","missing",,,
"snorkeling","Lặn ngắm san hô","snorkel-tube","A curved orange snorkeling tube with a black mouthpiece and splash guard","missing",,,
"snorkeling","Lặn ngắm san hô","swim-fins","A pair of turquoise short snorkeling fins","missing",,,
"snorkeling","Lặn ngắm san hô","dive-rashguard","A blue long sleeved snorkeling rashguard laid flat with simple coral colored side panels","missing",,,
"snorkeling","Lặn ngắm san hô","surface-marker-buoy","An inflated orange snorkeling safety buoy with a short coiled tether","missing",,,
"snorkeling","Lặn ngắm san hô","underwater-camera","A compact underwater camera inside a clear waterproof housing with a wrist strap","missing",,,
"snorkeling","Lặn ngắm san hô","reef-id-slate","A waterproof snorkeling identification slate displaying three small reef fish icons, no writing","missing",,,
"coral-restoration","Vườn ươm san hô","staghorn-coral","A single muted golden staghorn coral colony with thick branching antler shapes","missing",,,
"coral-restoration","Vườn ươm san hô","brain-coral","A round beige brain coral with clear softly winding grooves","missing",,,
"coral-restoration","Vườn ươm san hô","table-coral","A broad flat terracotta table coral raised on a short branching trunk","missing",,,
"coral-restoration","Vườn ươm san hô","coral-nursery-tree","A small underwater coral nursery frame with several hanging coral fragments","missing",,,
"coral-restoration","Vườn ươm san hô","coral-frag-plug","A single pink coral fragment attached to a round white propagation plug","missing",,,
"coral-restoration","Vườn ươm san hô","coral-cement-bucket","A small coral restoration bucket holding pale putty with a short wooden spatula","missing",,,
"coral-restoration","Vườn ươm san hô","coral-monitoring-quadrat","A square yellow reef survey quadrat frame with a simple internal grid","missing",,,
"coral-restoration","Vườn ươm san hô","coral-cleaning-brush","A small hand brush with aqua handle and stiff pale bristles for coral nursery care","missing",,,
"post-office","Bưu điện","wax-seal-stamp","A wooden handled wax seal stamp standing beside one simple red circular wax seal","missing",,,
"post-office","Bưu điện","postal-mailbox","A freestanding red postal collection box with a curved top and envelope emblem","missing",,,
"post-office","Bưu điện","postal-satchel","A worn brown postal delivery satchel with two envelopes peeking out","missing",,,
"post-office","Bưu điện","postal-parcel","A kraft paper parcel neatly tied with cream twine and a blank cream label","missing",,,
"post-office","Bưu điện","postage-stamp-sheet","A perforated sheet of six pastel postage stamps showing simple flower icons, no writing","missing",,,
"post-office","Bưu điện","postal-scale","A small vintage postal weighing scale with a cream dial and brass tray","missing",,,
"post-office","Bưu điện","airmail-envelope","A closed airmail envelope with a red and blue striped edge and blank address area","missing",,,
"post-office","Bưu điện","postmark-stamper","A short black handled round postal rubber stamper with a red ink pad","missing",,,
"calligraphy-desk","Bàn thư pháp","wax-seal-stamp","A wooden handled wax seal stamp standing beside one simple red circular wax seal","missing",,,
"calligraphy-desk","Bàn thư pháp","calligraphy-dip-pen","A walnut calligraphy dip pen with a small brass pointed nib","missing",,,
"calligraphy-desk","Bàn thư pháp","calligraphy-ink-bottle","A squat dark indigo ink bottle with a simple cork stopper and a tiny ink droplet","missing",,,
"calligraphy-desk","Bàn thư pháp","calligraphy-brush","A tapered calligraphy brush with a bamboo shaft and dark pointed bristles","missing",,,
"calligraphy-desk","Bàn thư pháp","calligraphy-inkstone","An oval dark slate inkstone with a shallow glossy ink well","missing",,,
"calligraphy-desk","Bàn thư pháp","calligraphy-paper-scroll","A partly unrolled cream calligraphy paper scroll, blank without writing","missing",,,
"calligraphy-desk","Bàn thư pháp","calligraphy-pen-rest","A small ceramic mountain shaped brush rest in pale blue","missing",,,
"calligraphy-desk","Bàn thư pháp","calligraphy-nib-tin","An open shallow metal tin holding four differently shaped calligraphy nibs","missing",,,
"science-laboratory","Phòng thí nghiệm","glass-thermometer","A slender glass thermometer with a red liquid column and simple tick marks, no numbers","missing",,,
"science-laboratory","Phòng thí nghiệm","lab-microscope","A compact cream laboratory microscope with a black stage and twin objective lenses","missing",,,
"science-laboratory","Phòng thí nghiệm","lab-test-tube-rack","A wooden rack holding four test tubes filled with muted colored liquids","missing",,,
"science-laboratory","Phòng thí nghiệm","lab-erlenmeyer-flask","A clear Erlenmeyer flask holding pale violet liquid with a few small bubbles","missing",,,
"science-laboratory","Phòng thí nghiệm","lab-petri-dish","A closed transparent petri dish containing a few softly colored circular colonies","missing",,,
"science-laboratory","Phòng thí nghiệm","lab-pipette","A laboratory transfer pipette with a teal rubber bulb and one small blue droplet","missing",,,
"science-laboratory","Phòng thí nghiệm","lab-centrifuge","A small benchtop centrifuge with a partially open lid showing four sample slots","missing",,,
"science-laboratory","Phòng thí nghiệm","lab-safety-goggles","A pair of clear laboratory safety goggles with a pale blue elastic strap","missing",,,
"weather-station","Trạm khí tượng","glass-thermometer","A slender glass thermometer with a red liquid column and simple tick marks, no numbers","missing",,,
"weather-station","Trạm khí tượng","weather-anemometer","A compact weather anemometer with three hemispherical wind cups on a vertical stand","missing",,,
"weather-station","Trạm khí tượng","weather-wind-vane","A metal wind vane with a simple arrow and a rooster silhouette, no letters","missing",,,
"weather-station","Trạm khí tượng","weather-rain-gauge","A clear cylindrical rain gauge with a little blue collected water and simple tick marks","needs_alpha","_needs-alpha/weather-station/weather-rain-gauge.png","07151581CAD867751D6CBD38C78309A7078227A494E7F76B5E91A48E4B04B5E8",
"weather-station","Trạm khí tượng","weather-barometer","A round cream and brass analog barometer with a needle and simple weather icons","needs_alpha","_needs-alpha/weather-station/weather-barometer.png","DE95D1C6958744225C535F712398E284D7DF4D168439EBF8B2CF8C09D6A06C85",
"weather-station","Trạm khí tượng","weather-balloon","A pale cream inflated weather balloon with a tiny sensor box hanging below","alpha_verified","stickers/weather-station/weather-balloon.png","ACA7184B0922972BBCA882B5F6AE286550F5A878B8D3A1DFFCD3A95F6BC5D564",
"weather-station","Trạm khí tượng","weather-windsock","An orange and cream striped windsock on a short gray pole with a small base","alpha_verified","stickers/weather-station/weather-windsock.png","F789904DA0EC84ED654DFEF1FFC7E9A2E625EF6B3DDAD1368DC9F213BD1FA76A",
"weather-station","Trạm khí tượng","weather-shelter","A small white louvered weather instrument shelter standing on four short legs","needs_alpha","_needs-alpha/weather-station/weather-shelter.png","C56642EBB5C90B0542AC85253333671F40C364156E1C63423AB6AFF38B331C1D",
"percussion","Nhạc cụ gõ","snare-drum","A red wooden snare drum with cream drumheads and two crossed wooden drumsticks","missing",,,
"percussion","Nhạc cụ gõ","djembe","A carved wooden djembe drum with a cream skin head and dark rope lacing","missing",,,
"percussion","Nhạc cụ gõ","bongos","A joined pair of small orange wooden bongo drums","missing",,,
"percussion","Nhạc cụ gõ","tambourine","A round teal tambourine with silver jingles and a cream drumhead","missing",,,
"percussion","Nhạc cụ gõ","maracas","A pair of red and yellow wooden maracas with simple curved decorations","missing",,,
"percussion","Nhạc cụ gõ","triangle-instrument","A silver musical triangle hanging from a small loop beside its metal beater","missing",,,
"percussion","Nhạc cụ gõ","kalimba","A small wooden kalimba with seven visible silver tines and a round sound hole","missing",,,
"percussion","Nhạc cụ gõ","handpan","A blue gray handpan percussion instrument with a central dome and round tone fields","missing",,,
"marching-band","Đội nhạc diễu hành","snare-drum","A red wooden snare drum with cream drumheads and two crossed wooden drumsticks","missing",,,
"marching-band","Đội nhạc diễu hành","marching-bass-drum","A large blue marching bass drum with a white carrying harness and one soft mallet","missing",,,
"marching-band","Đội nhạc diễu hành","marching-sousaphone","A coiled brass sousaphone with a large upward facing bell","missing",,,
"marching-band","Đội nhạc diễu hành","marching-trumpet","A polished but softly shaded brass trumpet with three valves","missing",,,
"marching-band","Đội nhạc diễu hành","marching-clarinet","A black clarinet with cream silver keys and a flared bell","missing",,,
"marching-band","Đội nhạc diễu hành","marching-cymbals","A pair of round brass clash cymbals with brown hand straps","missing",,,
"marching-band","Đội nhạc diễu hành","band-shako","A navy marching band shako hat with a cream plume and gold chin strap","missing",,,
"marching-band","Đội nhạc diễu hành","drum-major-mace","A ceremonial drum major's mace with a silver globe top and blue tassel","missing",,,
"garden-insects","Côn trùng vườn","ladybird","A small red ladybird beetle with black spots and friendly simple eyes","missing",,,
"garden-insects","Côn trùng vườn","praying-mantis","A green praying mantis standing with its distinctive folded forelegs","missing",,,
"garden-insects","Côn trùng vườn","dragonfly","A slender blue dragonfly with four translucent veined wings","missing",,,
"garden-insects","Côn trùng vườn","grasshopper","A green grasshopper with long folded hind legs and two slim antennae","missing",,,
"garden-insects","Côn trùng vườn","stag-beetle","A chestnut brown stag beetle with large branching mandibles","missing",,,
"garden-insects","Côn trùng vườn","leaf-insect","A pale green leaf insect with broad leaf shaped legs and body","missing",,,
"garden-insects","Côn trùng vườn","rhinoceros-beetle","A dark brown rhinoceros beetle with a single curved horn","missing",,,
"garden-insects","Côn trùng vườn","lacewing","A delicate pale green lacewing insect with two long transparent netted wings","missing",,,
"reptile-habitat","Ngôi nhà bò sát","reptile-glass-enclosure","A small glass reptile enclosure with a branch, sand and an empty basking rock","missing",,,
"reptile-habitat","Ngôi nhà bò sát","reptile-heat-lamp","A black dome reptile heat lamp on a short adjustable clamp arm","missing",,,
"reptile-habitat","Ngôi nhà bò sát","reptile-hide-cave","A low brown reptile hide shaped like a hollow stone cave","missing",,,
"reptile-habitat","Ngôi nhà bò sát","reptile-water-dish","A shallow textured sandstone reptile water dish holding clear water","missing",,,
"reptile-habitat","Ngôi nhà bò sát","reptile-cork-tunnel","A short hollow cork bark tunnel with an irregular rough surface","missing",,,
"reptile-habitat","Ngôi nhà bò sát","reptile-climbing-branch","A freestanding forked dry branch for a reptile enclosure","missing",,,
"reptile-habitat","Ngôi nhà bò sát","reptile-hygrometer","A small round green terrarium humidity gauge with a simple needle and colored zones","missing",,,
"reptile-habitat","Ngôi nhà bò sát","reptile-feeding-tongs","Long blunt reptile feeding tongs with pale silicone covered tips","missing",,,
"freshwater-wetland","Đầm nước ngọt","wetland-cattails","Three brown cattail flower spikes with long narrow green leaves","missing",,,
"freshwater-wetland","Đầm nước ngọt","wetland-water-lily","A soft pink water lily blossom floating on one round green lily pad","missing",,,
"freshwater-wetland","Đầm nước ngọt","wetland-kingfisher","A blue and orange kingfisher perched on a short broken reed stem","missing",,,
"freshwater-wetland","Đầm nước ngọt","wetland-heron","A slender gray heron standing with its neck gently curved","missing",,,
"freshwater-wetland","Đầm nước ngọt","wetland-otter","A playful brown river otter sitting upright with its small paws together","missing",,,
"freshwater-wetland","Đầm nước ngọt","wetland-beaver","A brown beaver with a broad flat textured tail holding a short branch","missing",,,
"freshwater-wetland","Đầm nước ngọt","wetland-water-strider","A water strider insect with very long slim legs and small stylized ripple rings","missing",,,
"freshwater-wetland","Đầm nước ngọt","wetland-muskrat","A small round brown muskrat with a long narrow scaly tail","missing",,,
"rock-pool","Hồ thủy triều","tidepool-hermit-crab","A small orange hermit crab peeking out of a cream spiral shell","missing",,,
"rock-pool","Hồ thủy triều","tidepool-anemone","A sea anemone with soft pink tentacles attached to a small gray pebble","missing",,,
"rock-pool","Hồ thủy triều","tidepool-limpet","A ridged conical limpet shell resting on a small flat dark rock","missing",,,
"rock-pool","Hồ thủy triều","tidepool-barnacles","A cluster of pale barnacle cones attached to a rounded rock","missing",,,
"rock-pool","Hồ thủy triều","tidepool-chiton","An oval chiton with eight overlapping green gray shell plates","missing",,,
"rock-pool","Hồ thủy triều","tidepool-blenny","A small mottled orange blenny fish with large eyes and a curved tail","missing",,,
"rock-pool","Hồ thủy triều","tidepool-sea-lettuce","A bright green ruffled cluster of sea lettuce seaweed","missing",,,
"rock-pool","Hồ thủy triều","tidepool-brittle-star","A small purple brittle star with five long slender curling arms","missing",,,
"fossil-dig","Khai quật hóa thạch","fossil-ammonite","A brown spiral ammonite fossil embedded in a broken cream rock slab","missing",,,
"fossil-dig","Khai quật hóa thạch","fossil-trilobite","A dark gray trilobite fossil with distinct segmented ridges in a flat stone","missing",,,
"fossil-dig","Khai quật hóa thạch","fossil-fern","A long fern leaf fossil impressed into a warm sandstone slab","missing",,,
"fossil-dig","Khai quật hóa thạch","fossil-shark-tooth","A large triangular fossil shark tooth with a dark root and tan enamel","missing",,,
"fossil-dig","Khai quật hóa thạch","fossil-dinosaur-footprint","A three toed dinosaur footprint pressed into a small sandstone block","missing",,,
"fossil-dig","Khai quật hóa thạch","fossil-plaster-jacket","A partly opened white plaster fossil jacket revealing one brown fossil bone","missing",,,
"fossil-dig","Khai quật hóa thạch","fossil-rock-hammer","A paleontology rock hammer with one square head and one pointed end","missing",,,
"fossil-dig","Khai quật hóa thạch","fossil-amber-insect","A warm translucent amber nugget enclosing a tiny dark ancient insect","missing",,,
"observatory","Đài quan sát","observatory-telescope","A cream astronomical refractor telescope mounted on a sturdy navy tripod","missing",,,
"observatory","Đài quan sát","observatory-dome","A small round white observatory building with its dome viewing slit open","missing",,,
"observatory","Đài quan sát","observatory-star-chart","A circular navy star chart showing a few gold star dots and connecting lines, no writing","missing",,,
"observatory","Đài quan sát","observatory-armillary","A small brass armillary sphere with interlocking rings on a wooden pedestal","missing",,,
"observatory","Đài quan sát","observatory-orrery","A miniature brass mechanical orrery with a central sun and four small planets on arms","missing",,,
"observatory","Đài quan sát","observatory-eyepiece","A short black telescope eyepiece with one blue glass lens and a rubber eyecup","missing",,,
"observatory","Đài quan sát","observatory-red-torch","A small red filtered astronomer's flashlight casting only a tiny red glow at its lens","missing",,,
"observatory","Đài quan sát","observatory-meteorite","A dark irregular iron meteorite with shallow thumbprint depressions","missing",,,
"mineral-collection","Bộ sưu tập khoáng vật","mineral-amethyst","A cluster of muted violet amethyst crystals on a pale rock base","missing",,,
"mineral-collection","Bộ sưu tập khoáng vật","mineral-pyrite","A group of brassy cubic pyrite crystals with clear angular faces","missing",,,
"mineral-collection","Bộ sưu tập khoáng vật","mineral-malachite","A polished malachite stone showing concentric dark and light green bands","missing",,,
"mineral-collection","Bộ sưu tập khoáng vật","mineral-fluorite","A cluster of translucent mint and lilac cubic fluorite crystals","missing",,,
"mineral-collection","Bộ sưu tập khoáng vật","mineral-rose-quartz","A rough pale pink rose quartz chunk with softly irregular facets","missing",,,
"mineral-collection","Bộ sưu tập khoáng vật","mineral-selenite","A creamy white selenite crystal tower with long vertical striations","missing",,,
"mineral-collection","Bộ sưu tập khoáng vật","mineral-geode","A split rounded agate geode with layered blue gray bands and a crystal center","missing",,,
"mineral-collection","Bộ sưu tập khoáng vật","mineral-azurite","A rough deep blue azurite mineral cluster on a small brown matrix","missing",,,
"cave-exploration","Thám hiểm hang động","caving-helmet","A yellow caving helmet with a small round headlamp and dark chin strap","missing",,,
"cave-exploration","Thám hiểm hang động","caving-rope-coil","A neat coil of orange caving rope secured with a short tie","missing",,,
"cave-exploration","Thám hiểm hang động","caving-ascender","A blue handled mechanical rope ascender with a silver toothed cam","missing",,,
"cave-exploration","Thám hiểm hang động","caving-descender","A silver figure eight climbing descender with a small locking carabiner","missing",,,
"cave-exploration","Thám hiểm hang động","caving-suit","A mustard yellow protective caving suit with dark reinforced knees","missing",,,
"cave-exploration","Thám hiểm hang động","caving-survey-kit","A small cave survey clipboard with a simple passage outline and compact compass","missing",,,
"cave-exploration","Thám hiểm hang động","caving-stalactite","A group of three warm limestone stalactites hanging from a small rock cap","missing",,,
"cave-exploration","Thám hiểm hang động","caving-stalagmite","A layered warm limestone stalagmite standing upright on a small rock base","missing",,,
"railway-station","Ga tàu hỏa","railway-signal","A vintage railway semaphore signal with a red and cream arm on a short post","missing",,,
"railway-station","Ga tàu hỏa","railway-locomotive","A small dark green steam locomotive with red wheels and a short cream steam puff","missing",,,
"railway-station","Ga tàu hỏa","railway-platform-clock","A double sided cream station clock hanging from a curved dark bracket","missing",,,
"railway-station","Ga tàu hỏa","railway-conductor-hat","A navy railway conductor cap with a small gold wing emblem","missing",,,
"railway-station","Ga tàu hỏa","railway-ticket-punch","A compact silver railway conductor ticket punch with dark handles","missing",,,
"railway-station","Ga tàu hỏa","railway-luggage-trolley","A green station luggage trolley carrying two compact brown cases","missing",,,
"railway-station","Ga tàu hỏa","railway-buffer-stop","A short railway buffer stop with black beams and a red horizontal bumper","missing",,,
"railway-station","Ga tàu hỏa","railway-crossing-gate","A red and cream striped railway crossing barrier on a small base","missing",,,
"harbor-life","Bến cảng","harbor-tugboat","A compact navy and cream tugboat with red trim and two black tire fenders","missing",,,
"harbor-life","Bến cảng","harbor-mooring-bollard","A short dark teal harbor mooring bollard with a thick cream rope loop","missing",,,
"harbor-life","Bến cảng","harbor-buoy","A red and cream navigation buoy with a small black bell framework","missing",,,
"harbor-life","Bến cảng","harbor-dock-cleat","A silver dock cleat fixed to a small wooden block with neatly wrapped rope","missing",,,
"harbor-life","Bến cảng","harbor-lobster-trap","A weathered wooden lobster trap with curved ribs and a small rope coil","missing",,,
"harbor-life","Bến cảng","harbor-ship-wheel","A warm wooden ship's steering wheel with eight handles and brass center","missing",,,
"harbor-life","Bến cảng","harbor-lighthouse","A short cream lighthouse with red roof and one small attached keeper door","missing",,,
"harbor-life","Bến cảng","harbor-cargo-crane","A compact yellow harbor cargo crane lifting one small blue container","missing",,,
"vineyard","Vườn nho","vineyard-grape-trellis","A small wooden trellis supporting green vine leaves and two purple grape bunches","missing",,,
"vineyard","Vườn nho","vineyard-pruning-shears","A pair of red handled vineyard pruning shears with short curved blades","missing",,,
"vineyard","Vườn nho","vineyard-grape-basket","A broad wicker harvest basket overflowing with purple and pale green grapes","missing",,,
"vineyard","Vườn nho","vineyard-oak-barrel","A small oak wine barrel with dark iron hoops and a wooden tap","missing",,,
"vineyard","Vườn nho","vineyard-grape-press","A compact traditional wooden grape press with a red metal screw","missing",,,
"vineyard","Vườn nho","vineyard-carafe","A simple clear glass carafe half filled with muted burgundy grape juice","missing",,,
"vineyard","Vườn nho","vineyard-corkscrew","A wooden handled corkscrew with a short silver spiral","missing",,,
"vineyard","Vườn nho","vineyard-vine-cutting","A rooted grapevine cutting with two green leaves in a small nursery sleeve","missing",,,
"pasta-workshop","Xưởng mì Ý","pasta-hand-crank-machine","A cream hand crank pasta roller with a golden sheet of dough emerging","missing",,,
"pasta-workshop","Xưởng mì Ý","pasta-tagliatelle-nest","A single loosely coiled nest of golden tagliatelle ribbons","missing",,,
"pasta-workshop","Xưởng mì Ý","pasta-ravioli","Three square ravioli with crimped edges arranged as one compact sticker","missing",,,
"pasta-workshop","Xưởng mì Ý","pasta-gnocchi-board","A small ridged wooden gnocchi board with two pale dough pillows","missing",,,
"pasta-workshop","Xưởng mì Ý","pasta-farfalle","A small group of five golden bow tie farfalle pasta pieces","missing",,,
"pasta-workshop","Xưởng mì Ý","pasta-tortellini","Three plump ring shaped tortellini arranged as one compact sticker","missing",,,
"pasta-workshop","Xưởng mì Ý","pasta-wheel-cutter","A wooden handled fluted pasta cutting wheel","missing",,,
"pasta-workshop","Xưởng mì Ý","pasta-drying-rack","A small wooden pasta drying rack draped with golden spaghetti strands","missing",,,
"dumpling-table","Bàn bánh hấp","dumpling-bamboo-steamer","A round bamboo steamer holding three white soup dumplings","missing",,,
"dumpling-table","Bàn bánh hấp","dumpling-har-gow","Three translucent shrimp dumplings with pleated crescent edges","missing",,,
"dumpling-table","Bàn bánh hấp","dumpling-siu-mai","Three open topped yellow siu mai dumplings with small orange centers","missing",,,
"dumpling-table","Bàn bánh hấp","dumpling-bao","A fluffy white steamed bao bun with a softly twisted top","missing",,,
"dumpling-table","Bàn bánh hấp","dumpling-mandu","A crescent Korean mandu dumpling with wide hand pinched pleats","missing",,,
"dumpling-table","Bàn bánh hấp","dumpling-momo","A round Nepalese momo dumpling with a neatly pleated top knot","missing",,,
"dumpling-table","Bàn bánh hấp","dumpling-rolling-pin","A small slender wooden dumpling rolling pin beside one round dough wrapper","missing",,,
"dumpling-table","Bàn bánh hấp","dumpling-dipping-dish","A small white dipping dish with dark sauce and a few pale ginger strips","missing",,,
"mediterranean-mezze","Bàn ăn Địa Trung Hải","mezze-hummus","A shallow ceramic bowl of hummus with a spiral groove and a few chickpeas","missing",,,
"mediterranean-mezze","Bàn ăn Địa Trung Hải","mezze-falafel","Three round golden falafel balls with one cut open to show a green interior","missing",,,
"mediterranean-mezze","Bàn ăn Địa Trung Hải","mezze-pita","A soft round pita bread cut into three overlapping wedges","missing",,,
"mediterranean-mezze","Bàn ăn Địa Trung Hải","mezze-dolma","Three glossy olive green stuffed grape leaf rolls tied by their folded leaves","missing",,,
"mediterranean-mezze","Bàn ăn Địa Trung Hải","mezze-tzatziki","A small blue ceramic bowl of creamy tzatziki with cucumber and dill","missing",,,
"mediterranean-mezze","Bàn ăn Địa Trung Hải","mezze-olive-dish","A small oval dish holding green and purple olives with one olive leaf","missing",,,
"mediterranean-mezze","Bàn ăn Địa Trung Hải","mezze-baba-ganoush","A shallow terracotta bowl of smoky eggplant dip topped with a few pomegranate seeds","needs_alpha","_needs-alpha/mediterranean-mezze/mezze-baba-ganoush.png","D48213053FB20C6125473A23B71EF10371C0C5F87742134EDA620C96CC440A59",
"mediterranean-mezze","Bàn ăn Địa Trung Hải","mezze-halloumi","Three grilled halloumi cheese rectangles with soft golden grill marks","needs_alpha","_needs-alpha/mediterranean-mezze/mezze-halloumi.png","282E16B1D39578C1A11FE2604802BCE95E68AE9112EC7C1354BAD6187FE36AA2",
"picnic-day","Buổi picnic","picnic-hamper","An open wicker picnic hamper with a cream lining and two simple plates","needs_alpha","_needs-alpha/picnic-day/picnic-hamper.png","2A45EE656AC94FA8F71DB81FE3674AA9B358EDFD8BD96AE599FA11D3EE7A3C5C",
"picnic-day","Buổi picnic","picnic-checkered-cloth","A loosely folded red and cream gingham picnic cloth","needs_alpha","_needs-alpha/picnic-day/picnic-checkered-cloth.png","11245005ECD38DB6D9C80BDF7D6FE98D928E91D3A37D2BEC54484E9D94F81FA7",
"picnic-day","Buổi picnic","picnic-sandwich-wrap","A thick triangular sandwich partly wrapped in kraft paper and tied with twine","missing",,,
"picnic-day","Buổi picnic","picnic-lemonade-dispenser","A clear lemonade dispenser jar with lemon slices, a wooden lid and a small tap","missing",,,
"picnic-day","Buổi picnic","picnic-bento-box","An open wooden picnic lunch box with rice balls, vegetables and a small omelet roll","missing",,,
"picnic-day","Buổi picnic","picnic-insulated-flask","A muted coral insulated flask with a cream cup shaped lid","missing",,,
"picnic-day","Buổi picnic","picnic-reusable-cutlery","A fork, spoon and knife tucked into a small rolled canvas cutlery pouch","missing",,,
"picnic-day","Buổi picnic","picnic-grass-mat","A partly rolled woven straw picnic mat secured by two tan straps","missing",,,
"soap-making","Làm xà phòng","soap-lavender-bar","A rectangular handmade lavender soap bar with a few purple flower buds on top","missing",,,
"soap-making","Làm xà phòng","soap-loaf-mold","A wooden soap loaf mold holding a pale mint soap slab with a swirled top","missing",,,
"soap-making","Làm xà phòng","soap-wire-cutter","A small wooden soap cutting frame with one taut vertical wire","missing",,,
"soap-making","Làm xà phòng","soap-silicone-flower-mold","A flexible pink silicone soap mold with three flower shaped cavities","missing",,,
"soap-making","Làm xà phòng","soap-essential-oil","A small amber essential oil bottle with a dark dropper top and leaf emblem","missing",,,
"soap-making","Làm xà phòng","soap-mixing-pitcher","A cream pouring pitcher holding pale blue soap mixture with a short spatula","missing",,,
"soap-making","Làm xà phòng","soap-oatmeal-bar","An oval oatmeal soap bar with tiny oat flecks and a kraft paper band","missing",,,
"soap-making","Làm xà phòng","soap-curing-rack","A small two tier wooden rack holding neatly spaced pastel handmade soap bars","missing",,,
"glassblowing","Nghề thổi thủy tinh","glassblowing-pipe","A long glassblower's blowpipe with a small warm orange glass bubble at its tip","missing",,,
"glassblowing","Nghề thổi thủy tinh","glassblowing-jacks","A pair of long dark steel glassblowing jacks with gently curved blades","missing",,,
"glassblowing","Nghề thổi thủy tinh","glassblowing-marver","A compact steel marver table with a small rounded orange glass gather","missing",,,
"glassblowing","Nghề thổi thủy tinh","glassblowing-furnace","A small brick glassblowing furnace with a round warm orange opening","missing",,,
"glassblowing","Nghề thổi thủy tinh","glassblowing-vase","A handmade pale aqua glass vase with a gently wavy rim","missing",,,
"glassblowing","Nghề thổi thủy tinh","glassblowing-paperweight","A round clear glass paperweight containing a simple muted blue spiral","missing",,,
"glassblowing","Nghề thổi thủy tinh","glassblowing-block","A wooden glassblowing shaping block with a scooped round recess and long handle","missing",,,
"glassblowing","Nghề thổi thủy tinh","glassblowing-shears","A pair of long steel glassblowing diamond shears with broad dark handles","missing",,,
"leathercraft","Đồ da thủ công","leathercraft-stitching-pony","A small wooden leather stitching pony holding a tan leather strip","missing",,,
"leathercraft","Đồ da thủ công","leathercraft-awl","A short leatherworker's awl with a rounded wooden handle and pointed steel shaft","missing",,,
"leathercraft","Đồ da thủ công","leathercraft-edge-beveler","A wooden handled leather edge beveler with a short forked steel tip","missing",,,
"leathercraft","Đồ da thủ công","leathercraft-pricking-iron","A dark metal leather pricking iron with four evenly spaced teeth","missing",,,
"leathercraft","Đồ da thủ công","leathercraft-mallet","A pale wooden leathercraft mallet with a broad cylindrical head","missing",,,
"leathercraft","Đồ da thủ công","leathercraft-saddle-stitch","A tan leather card sleeve with visible cream saddle stitching","missing",,,
"leathercraft","Đồ da thủ công","leathercraft-belt-buckle","A warm brown leather belt end threaded through a simple brass buckle","missing",,,
"leathercraft","Đồ da thủ công","leathercraft-hide-roll","A rolled piece of chestnut leather with an irregular natural edge","missing",,,
"weaving-studio","Xưởng dệt","weaving-table-loom","A compact wooden table loom with a partly woven teal and cream cloth","missing",,,
"weaving-studio","Xưởng dệt","weaving-shuttle","A long wooden boat shuttle holding a spool of muted rust yarn","missing",,,
"weaving-studio","Xưởng dệt","weaving-heddle","A rectangular wooden rigid heddle with alternating narrow slots and holes","missing",,,
"weaving-studio","Xưởng dệt","weaving-yarn-cones","Three tall yarn cones in muted coral, cream and sage","missing",,,
"weaving-studio","Xưởng dệt","weaving-warping-board","A square wooden warping board with cream yarn zigzagging around pegs","missing",,,
"weaving-studio","Xưởng dệt","weaving-beater-comb","A broad wooden weaving beater comb with long widely spaced teeth","missing",,,
"weaving-studio","Xưởng dệt","weaving-tapestry","A small finished woven wall hanging with geometric earth toned bands and fringe","missing",,,
"weaving-studio","Xưởng dệt","weaving-drop-spindle","A wooden drop spindle with a round whorl and a small bundle of cream wool yarn","missing",,,
"printmaking","Nghệ thuật in thủ công","printmaking-brayer","A small rubber ink brayer with a red handle and black roller","missing",,,
"printmaking","Nghệ thuật in thủ công","printmaking-lino-block","A square linocut block carved with a simple leaf design","missing",,,
"printmaking","Nghệ thuật in thủ công","printmaking-gouge","A wooden handled linocut gouge with a short curved steel cutting tip","missing",,,
"printmaking","Nghệ thuật in thủ công","printmaking-ink-tube","A small crumpled tube of dark blue block printing ink with a plain colored band","missing",,,
"printmaking","Nghệ thuật in thủ công","printmaking-baren","A round bamboo wrapped printmaking baren with a knotted hand grip","missing",,,
"printmaking","Nghệ thuật in thủ công","printmaking-press","A small tabletop relief printing press with a black roller and round handwheel","missing",,,
"printmaking","Nghệ thuật in thủ công","printmaking-ink-slab","A rectangular glass inking slab with a thin patch of teal ink","missing",,,
"printmaking","Nghệ thuật in thủ công","printmaking-leaf-print","A cream printmaking paper sheet bearing one simple terracotta leaf impression","missing",,,
"bookbinding","Đóng sách thủ công","bookbinding-press","A small wooden bookbinding press with two large vertical threaded screws","missing",,,
"bookbinding","Đóng sách thủ công","bookbinding-bone-folder","A smooth cream bookbinding bone folder with one gently pointed end","missing",,,
"bookbinding","Đóng sách thủ công","bookbinding-sewing-frame","A wooden bookbinding sewing frame holding three vertical linen cords","missing",,,
"bookbinding","Đóng sách thủ công","bookbinding-signatures","A neat stack of folded cream paper signatures with their folded spines visible","missing",,,
"bookbinding","Đóng sách thủ công","bookbinding-linen-thread","A small spool of natural linen thread with one curved bookbinding needle","missing",,,
"bookbinding","Đóng sách thủ công","bookbinding-glue-pot","A squat cream bookbinding paste pot with a broad flat brush resting inside","missing",,,
"bookbinding","Đóng sách thủ công","bookbinding-cloth-roll","A short roll of muted navy book cloth with its cream reverse edge visible","missing",,,
"bookbinding","Đóng sách thủ công","bookbinding-handbound-journal","A closed ochre hand bound journal with exposed cream stitching along its spine","missing",,,
"clockmaking","Xưởng đồng hồ","clockmaking-pocket-watch","An open brass pocket watch revealing a simple arrangement of small gears","missing",,,
"clockmaking","Xưởng đồng hồ","clockmaking-gear-train","Three interlocking brass clock gears of different sizes on a compact plate","missing",,,
"clockmaking","Xưởng đồng hồ","clockmaking-pendulum","A wooden clock pendulum with a round brass bob","missing",,,
"clockmaking","Xưởng đồng hồ","clockmaking-mainspring","A curled dark steel clock mainspring partly unwound from its round housing","missing",,,
"clockmaking","Xưởng đồng hồ","clockmaking-loupe","A black watchmaker's eye loupe with a short tapered barrel","missing",,,
"clockmaking","Xưởng đồng hồ","clockmaking-oiler","A fine watchmaker's precision oiler with a blue handle and a tiny oil droplet","missing",,,
"clockmaking","Xưởng đồng hồ","clockmaking-key","A small brass butterfly shaped clock winding key","missing",,,
"clockmaking","Xưởng đồng hồ","clockmaking-movement-holder","A compact metal watch movement holder supporting a round silver clockwork mechanism","missing",,,
"detective-desk","Bàn thám tử","detective-magnifier","A round brass magnifying glass with a dark wooden handle","missing",,,
"detective-desk","Bàn thám tử","detective-evidence-envelope","A small kraft evidence envelope with a simple fingerprint emblem and blank label","missing",,,
"detective-desk","Bàn thám tử","detective-fingerprint-kit","An open compact tin containing a fingerprint dust brush and a small dark powder jar","missing",,,
"detective-desk","Bàn thám tử","detective-trench-coat","A beige detective trench coat with a belt and broad lapels, hanging without a person","missing",,,
"detective-desk","Bàn thám tử","detective-notebook","A small open dark notebook showing simple footprint sketches, no readable writing","missing",,,
"detective-desk","Bàn thám tử","detective-evidence-marker","A yellow triangular evidence marker with a simple black dot emblem, no numbers","missing",,,
"detective-desk","Bàn thám tử","detective-fingerprint-card","A white fingerprint record card showing five distinct black fingerprint ovals","missing",,,
"detective-desk","Bàn thám tử","detective-footprint-cast","A pale plaster cast of a boot sole showing clear tread patterns","missing",,,
"shipwreck-diving","Khám phá tàu đắm","shipwreck-diving-helmet","A vintage copper deep sea diving helmet with round glass viewing ports","missing",,,
"shipwreck-diving","Khám phá tàu đắm","shipwreck-air-tank","A compact scuba air tank with a regulator hose and muted yellow valve guard","missing",,,
"shipwreck-diving","Khám phá tàu đắm","shipwreck-rusted-anchor","An old iron anchor with reddish rust patches and a short broken chain","missing",,,
"shipwreck-diving","Khám phá tàu đắm","shipwreck-porthole","A weathered brass ship porthole with a small green seaweed strand","missing",,,
"shipwreck-diving","Khám phá tàu đắm","shipwreck-treasure-chest","A small partly open water worn treasure chest showing a few muted gold coins","missing",,,
"shipwreck-diving","Khám phá tàu đắm","shipwreck-ship-bell","An aged brass ship bell with a small rope pull and green patina","missing",,,
"shipwreck-diving","Khám phá tàu đắm","shipwreck-diving-torch","A chunky waterproof navy diving torch with a wrist lanyard","missing",,,
"shipwreck-diving","Khám phá tàu đắm","shipwreck-ceramic-bottle","A corked antique ceramic bottle with a few tiny barnacles attached near its base","missing",,,
"desert-caravan","Đoàn lữ hành sa mạc","desert-dromedary","A friendly single humped dromedary camel wearing a simple woven saddle blanket","missing",,,
"desert-caravan","Đoàn lữ hành sa mạc","desert-caravan-tent","A low striped Bedouin style canvas tent with an open triangular entrance","missing",,,
"desert-caravan","Đoàn lữ hành sa mạc","desert-water-skin","A tan leather water skin with a wooden stopper and braided strap","missing",,,
"desert-caravan","Đoàn lữ hành sa mạc","desert-brass-coffee-pot","A traditional curved brass dallah coffee pot with a tall finial lid","missing",,,
"desert-caravan","Đoàn lữ hành sa mạc","desert-date-bunch","A hanging bunch of reddish brown dates on a short golden stem","missing",,,
"desert-caravan","Đoàn lữ hành sa mạc","desert-woven-saddlebag","A pair of colorful geometric woven caravan saddlebags joined by a fabric bridge","missing",,,
"desert-caravan","Đoàn lữ hành sa mạc","desert-sand-rose","A beige desert rose gypsum cluster formed from rounded petal like crystal blades","missing",,,
"desert-caravan","Đoàn lữ hành sa mạc","desert-navigation-compass","A small open brass navigation compass with a simple star dial, no letters","missing",,,
"arctic-research","Trạm nghiên cứu Bắc Cực","arctic-research-hut","A small red polar research cabin standing on short stilts with one frosted window","missing",,,
"arctic-research","Trạm nghiên cứu Bắc Cực","arctic-ice-auger","A blue ice core auger with a silver spiral shaft and two side handles","missing",,,
"arctic-research","Trạm nghiên cứu Bắc Cực","arctic-core-sample","A translucent pale blue cylindrical ice core sample resting in a short gray tray","missing",,,
"arctic-research","Trạm nghiên cứu Bắc Cực","arctic-snowmobile","A compact orange scientific snowmobile with two front skis and a black seat","missing",,,
"arctic-research","Trạm nghiên cứu Bắc Cực","arctic-sample-case","A sturdy pale blue insulated sample case with a simple snowflake emblem","missing",,,
"arctic-research","Trạm nghiên cứu Bắc Cực","arctic-expedition-parka","A red polar expedition parka with a thick cream fur trimmed hood","missing",,,
"arctic-research","Trạm nghiên cứu Bắc Cực","arctic-satellite-phone","A rugged yellow satellite phone with a short dark antenna and blank screen","missing",,,
"arctic-research","Trạm nghiên cứu Bắc Cực","arctic-snow-goggles","A pair of cream traditional slit snow goggles with a simple brown cord","missing",,,
"fairy-garden","Khu vườn tiên","fairy-acorn-house","A tiny acorn shaped fairy house with a round door and one small oval window","missing",,,
"fairy-garden","Khu vườn tiên","fairy-petal-chair","A miniature fairy chair made from curled pink flower petals and slender twigs","missing",,,
"fairy-garden","Khu vườn tiên","fairy-thimble-bucket","A tiny silver thimble used as a fairy bucket with a curved twig handle","missing",,,
"fairy-garden","Khu vườn tiên","fairy-leaf-boat","A curled green leaf boat with a small pale petal sail","missing",,,
"fairy-garden","Khu vườn tiên","fairy-seed-lantern","A tiny hanging lantern made from a golden seed pod with a soft cream glow","missing",,,
"fairy-garden","Khu vườn tiên","fairy-dewdrop-watering-can","A miniature translucent dewdrop shaped watering can with a curled green stem handle","missing",,,
"fairy-garden","Khu vườn tiên","fairy-pebble-bridge","A tiny arched fairy garden bridge built from rounded pastel pebbles","missing",,,
"fairy-garden","Khu vườn tiên","fairy-winged-snail","A small friendly snail with delicate pale blue fairy wings and a lavender shell","missing",,,
"herbal-apothecary","Tiệm thảo dược cổ tích","apothecary-mortar-pestle","A dark green stone mortar and pestle holding a few crushed lavender leaves","missing",,,
"herbal-apothecary","Tiệm thảo dược cổ tích","apothecary-herb-bundle","A hanging bundle of sage and rosemary tied with natural twine","missing",,,
"herbal-apothecary","Tiệm thảo dược cổ tích","apothecary-drawer-chest","A tiny wooden apothecary cabinet with nine small square drawers and round brass pulls","missing",,,
"herbal-apothecary","Tiệm thảo dược cổ tích","apothecary-potion-bottle","A rounded muted violet herbal potion bottle with a cork and simple leaf shaped charm","missing",,,
"herbal-apothecary","Tiệm thảo dược cổ tích","apothecary-drying-rack","A small circular wooden herb drying rack with three hanging plant bundles","missing",,,
"herbal-apothecary","Tiệm thảo dược cổ tích","apothecary-balance-scale","A compact brass balance scale with two small suspended pans","missing",,,
"herbal-apothecary","Tiệm thảo dược cổ tích","apothecary-crescent-vial","A crescent moon shaped glass vial containing pale blue herbal liquid","missing",,,
"herbal-apothecary","Tiệm thảo dược cổ tích","apothecary-herbal-salve","An open small amber salve jar showing pale green balm and a loose cream lid","missing",,,
"canal-town","Thị trấn bên kênh","canal-gabled-house","A narrow terracotta canal house with a stepped gable and three tall cream windows","missing",,,
"canal-town","Thị trấn bên kênh","canal-houseboat","A compact blue houseboat with a cream cabin roof and two round windows","missing",,,
"canal-town","Thị trấn bên kênh","canal-stone-bridge","A small single arch stone footbridge with simple dark iron railings","missing",,,
"canal-town","Thị trấn bên kênh","canal-lock-gate","A pair of wooden canal lock gates meeting in a shallow V with short beam handles","missing",,,
"canal-town","Thị trấn bên kênh","canal-bicycle","A cream city bicycle with a brown wicker front basket carrying two tulips","missing",,,
"canal-town","Thị trấn bên kênh","canal-quayside-lamp","A dark green curved canal side streetlamp on a short square stone base","missing",,,
"canal-town","Thị trấn bên kênh","canal-flower-box","A blue wooden window box overflowing with soft pink geraniums","missing",,,
"canal-town","Thị trấn bên kênh","canal-rowboat","A small green wooden rowboat with two cream oars resting across its seats","missing",,,
"accessible-everyday","Đồ dùng hỗ trợ tiếp cận","access-manual-wheelchair","A compact blue manual wheelchair with large rear wheels and black footrests","missing",,,
"accessible-everyday","Đồ dùng hỗ trợ tiếp cận","access-white-cane","A folding white mobility cane with a red lower section and a black wrist loop","missing",,,
"accessible-everyday","Đồ dùng hỗ trợ tiếp cận","access-hearing-aid","A small beige behind the ear hearing aid with a clear curved ear tube","missing",,,
"accessible-everyday","Đồ dùng hỗ trợ tiếp cận","access-braille-slate","A blue braille writing slate with orderly raised dot cells and its small stylus","missing",,,
"accessible-everyday","Đồ dùng hỗ trợ tiếp cận","access-forearm-crutch","A teal forearm crutch with a curved cuff and gray rubber foot","missing",,,
"accessible-everyday","Đồ dùng hỗ trợ tiếp cận","access-walker","A compact silver walking frame with two front wheels and teal hand grips","missing",,,
"accessible-everyday","Đồ dùng hỗ trợ tiếp cận","access-reaching-aid","A lightweight reaching aid with a blue squeeze handle and rubber tipped gripper","missing",,,
"accessible-everyday","Đồ dùng hỗ trợ tiếp cận","access-portable-ramp","A small folded out silver portable access ramp with raised side edges","missing",,,
