topic,name_vi,id,file,status,sha256,review_note
vietnamese-cuisine,Món Việt,banh-mi,delivery/_needs-alpha/vietnamese-cuisine/banh-mi.png,needs_alpha,92ff93a2e6b727f0723331020edd99a7fd813ff0d6dcd395aae31b31ef8898b2,
vietnamese-cuisine,Món Việt,pho-bo,delivery/_needs-alpha/vietnamese-cuisine/pho-bo.png,needs_alpha,a57bcde8df78cbcfdcc1075adc6dc0733181eca29ab9ac5eecd3b4f69f48d709,
vietnamese-cuisine,Món Việt,banh-xeo,delivery/_needs-alpha/vietnamese-cuisine/banh-xeo.png,needs_alpha,13ccd4d106ba4382dbb593fffbeabf5d49ef5f77145cdfba80657e1cf9ba59cb,
vietnamese-cuisine,Món Việt,goi-cuon,delivery/_needs-alpha/vietnamese-cuisine/goi-cuon.png,needs_alpha,688fca397f4564b8c0b34ecb041e39e7d58ffbbe2d319b1c37ef722e314f34ac,
vietnamese-cuisine,Món Việt,bun-cha,delivery/stickers/vietnamese-cuisine/bun-cha.png,alpha_corners_clear,1544c9530fdd7098c3ad875bcf973f3e3089ad24b7506170cf3af8ab6076eb04,
vietnamese-cuisine,Món Việt,banh-cuon,delivery/stickers/vietnamese-cuisine/banh-cuon.png,alpha_corners_clear,e019fc8cc143fc9869fdc4f277882ce9a5e44c82cf1a4aebda22047536c7c1f2,
vietnamese-cuisine,Món Việt,banh-chung,delivery/stickers/vietnamese-cuisine/banh-chung.png,alpha_corners_clear,9c3340a98b52f04a2571a3a845a05108610c969396680fb13ec2880979f92fe0,
vietnamese-cuisine,Món Việt,che-ba-mau,delivery/stickers/vietnamese-cuisine/che-ba-mau.png,alpha_corners_clear,1e4e2272dff59f88104c78a9c5f58a2c4bcb0cff6989a3684d7c8e62e5125680,
vietnamese-tet,Tết Việt,banh-chung,delivery/stickers/vietnamese-tet/banh-chung.png,alpha_corners_clear,9c3340a98b52f04a2571a3a845a05108610c969396680fb13ec2880979f92fe0,
vietnamese-tet,Tết Việt,tet-lucky-envelope,delivery/_needs-alpha/vietnamese-tet/tet-lucky-envelope.png,needs_alpha,296e977d628d0d5892af93f5d54243a7805c6be8f6dc1c577081a4d9fee394af,
vietnamese-tet,Tết Việt,tet-kumquat-pot,delivery/stickers/vietnamese-tet/tet-kumquat-pot.png,alpha_corners_clear,85419597148a4685551b324be1c89be460ede99ac6d4b3d3c33d3d5cac10205b,
vietnamese-tet,Tết Việt,tet-peach-blossom,delivery/stickers/vietnamese-tet/tet-peach-blossom.png,alpha_corners_clear,beb0923c5158a6db78204a6d26b90d782217addfa2fa5482efd03fe0490cd531,
vietnamese-tet,Tết Việt,tet-lion-head,delivery/stickers/vietnamese-tet/tet-lion-head.png,alpha_corners_clear,0304462b13db8ac0c53f4247b534b435e0eece0bd86db299ea06b3da507cfefc,
vietnamese-tet,Tết Việt,tet-watermelon,delivery/stickers/vietnamese-tet/tet-watermelon.png,alpha_corners_clear,af8d0e185a50a74fcc0ba0bdc4d1f8efd34a0df787d8860bfb3b6ab8b04016fa,
vietnamese-tet,Tết Việt,tet-coconut-candy-tray,delivery/stickers/vietnamese-tet/tet-coconut-candy-tray.png,alpha_corners_clear,c9b70fe052fe8fb2cd8410b0e472cdc63dd022d785ff73a35e311fdc775d08f8,
vietnamese-tet,Tết Việt,tet-firecracker-string,delivery/stickers/vietnamese-tet/tet-firecracker-string.png,alpha_corners_clear,90039c47f04d7a798303e0cc86519748c3aeb52f69ed81014d6f015c741f6002,
beekeeping,Nghề nuôi ong,beehive-skep,delivery/_needs-alpha/beekeeping/beehive-skep.png,needs_alpha,8f07fd7c89091d0b09c56e46a5fc7b98bc82b2454ba684e98c34d7d123394d10,
beekeeping,Nghề nuôi ong,honey-dipper,delivery/stickers/beekeeping/honey-dipper.png,alpha_corners_clear,aaa0809d420432af0cb003e85e27cd7d26a335ba84e87c8e395209c7145c449c,
beekeeping,Nghề nuôi ong,bee-smoker,delivery/stickers/beekeeping/bee-smoker.png,alpha_corners_clear,6d9488e14fee9a36b85eedd16eba3eee8c4ed3aca35838ea86f7ab5168a829cb,
beekeeping,Nghề nuôi ong,beekeeper-veil-hat,delivery/_needs-alpha/beekeeping/beekeeper-veil-hat.png,needs_alpha,4ffb8fe3468e6702540e182b6839dfab75dfc6e2e20416627377b3ba9e984dff,
beekeeping,Nghề nuôi ong,honeycomb-frame,delivery/stickers/beekeeping/honeycomb-frame.png,alpha_corners_clear,8a42c8f6972c22efbd864b220d267044b32efaa366ae148266dda4db0959e0c1,
beekeeping,Nghề nuôi ong,honey-extractor,delivery/stickers/beekeeping/honey-extractor.png,alpha_corners_clear,9ea747b40bbc0b584c492b055c97b42f56efbf1ecd6481c72150e33650f3f6e9,
beekeeping,Nghề nuôi ong,beekeeper-gloves,delivery/stickers/beekeeping/beekeeper-gloves.png,alpha_corners_clear,2288834b927a3f2c773d1ac8010a5c98bb98e1b4da2b4553b4c707d991d5ea6d,
beekeeping,Nghề nuôi ong,bee-feeding-jar,delivery/stickers/beekeeping/bee-feeding-jar.png,alpha_corners_clear,2a08d47dfc225572f0e6955e10dc213ba1863025a6552d3b64ad22786e5ad554,
honey-breakfast,Bữa sáng với mật ong,honey-dipper,delivery/stickers/honey-breakfast/honey-dipper.png,alpha_corners_clear,aaa0809d420432af0cb003e85e27cd7d26a335ba84e87c8e395209c7145c449c,
honey-breakfast,Bữa sáng với mật ong,honey-pancakes,delivery/_needs-alpha/honey-breakfast/honey-pancakes.png,needs_alpha,c4baa8c11610c7895de7b0e72ce57aeb1c52cf941ae468614cf5683111bc0185,
honey-breakfast,Bữa sáng với mật ong,honey-waffles,delivery/_needs-alpha/honey-breakfast/honey-waffles.png,needs_alpha,121e9a3a8615eacbe4f400a8af70161fe3428a5a3b2dc3f6c80b18ee1c660390,
honey-breakfast,Bữa sáng với mật ong,honey-parfait,delivery/_needs-alpha/honey-breakfast/honey-parfait.png,needs_alpha,dad408ba92d2d5670e60682267357dc926e1007be7f053261f344f26204c6bcd,
honey-breakfast,Bữa sáng với mật ong,honey-toast,delivery/_needs-alpha/honey-breakfast/honey-toast.png,needs_alpha,feb0fb99eed85e7258e8058c4063b45525a39ce33f73d05653a061082ef05c50,
honey-breakfast,Bữa sáng với mật ong,honey-crumpet,delivery/stickers/honey-breakfast/honey-crumpet.png,alpha_corners_clear,d2405c79221cd27bf95343b19e9023ae9d7e4e0cd36c0fbd94e0d141fca985c6,
honey-breakfast,Bữa sáng với mật ong,honey-butter-dish,delivery/_needs-alpha/honey-breakfast/honey-butter-dish.png,needs_alpha,109962aba8172ba7e9463d857e532f0142fa50a836e9fa6b3ecfac8fb3d2275c,
honey-breakfast,Bữa sáng với mật ong,honey-lemon-tea,delivery/_needs-alpha/honey-breakfast/honey-lemon-tea.png,needs_alpha,c1d98493626b1c7abecddfa192879049c61162b61e310bb6efdb5908e1677568,
pottery-studio,Xưởng gốm,terracotta-amphora,delivery/stickers/pottery-studio/terracotta-amphora.png,alpha_corners_clear,851d6cc995dc7ae58041ec79b014dba2d10ad7ab384f82fa9fe74e2abdd2bee7,
pottery-studio,Xưởng gốm,pottery-wheel,delivery/_needs-alpha/pottery-studio/pottery-wheel.png,needs_alpha,f61474d53fa17ddaac4f4cc1bf4c326ce8de7885ba97dfb3970a59d9f4767479,
pottery-studio,Xưởng gốm,wet-clay-lump,delivery/stickers/pottery-studio/wet-clay-lump.png,alpha_corners_clear,618de20e014991a91b3a95ad50ddde1e365d33b6ce11d503041bc31dc4ee5bce,
pottery-studio,Xưởng gốm,potter-rib-tool,delivery/stickers/pottery-studio/potter-rib-tool.png,alpha_corners_clear,c408124e04e32f605ea9752b4688d6b99c0fba73a5dc6dc53e5a56778e130d6a,
pottery-studio,Xưởng gốm,clay-wire-cutter,delivery/stickers/pottery-studio/clay-wire-cutter.png,alpha_corners_clear,56b234e0846f08f1d8420be69b7aabd2a569decb76d0bddc831bfb3dd1049c03,
pottery-studio,Xưởng gốm,loop-trimming-tool,delivery/stickers/pottery-studio/loop-trimming-tool.png,alpha_corners_clear,7eca10fc7c044203714e6c45b44e2978c2f6d5606761d0f42a176369e9379be1,
pottery-studio,Xưởng gốm,glazing-brush,delivery/stickers/pottery-studio/glazing-brush.png,alpha_corners_clear,d07265db235f4ae75d9038ff5fdabf1aa77634aae90752e4c02e752f59b2d41b,
pottery-studio,Xưởng gốm,ceramic-kiln,delivery/_needs-alpha/pottery-studio/ceramic-kiln.png,needs_alpha,faf2d2721f74bd99281a8d10c68bf7aec2dd7a48c184d8c0bb5d7554c8358e14,
archaeology,Khảo cổ học,terracotta-amphora,delivery/stickers/archaeology/terracotta-amphora.png,alpha_corners_clear,851d6cc995dc7ae58041ec79b014dba2d10ad7ab384f82fa9fe74e2abdd2bee7,
archaeology,Khảo cổ học,excavation-trowel,delivery/stickers/archaeology/excavation-trowel.png,alpha_corners_clear,f05d3c861089d265fa2a306b9f1adfc6164b6dfa64c72b9514d5bd3b33883a8a,
archaeology,Khảo cổ học,archaeology-sieve,delivery/stickers/archaeology/archaeology-sieve.png,alpha_corners_clear,1cc354e99a2edfef3aab7a5d93f3326c8edafa38b67f0c39d4996ea184af8265,
archaeology,Khảo cổ học,artifact-brush,delivery/stickers/archaeology/artifact-brush.png,alpha_corners_clear,6939c34d68725613bf9dcdf230668aa565dab30643f924e1a1dc6e0134db0365,
archaeology,Khảo cổ học,stratigraphy-block,delivery/stickers/archaeology/stratigraphy-block.png,alpha_corners_clear,2dbff40cd3c7e0e2f957780869aea65f9438e39a55f4b7574c92100bce9a56fc,
archaeology,Khảo cổ học,stone-tablet,delivery/stickers/archaeology/stone-tablet.png,alpha_corners_clear,81395c5d488a87cc06169d29a109ed39dc8071e5bd133120f4da288841cdb38f,
archaeology,Khảo cổ học,mosaic-fragment,delivery/stickers/archaeology/mosaic-fragment.png,alpha_corners_clear,119e1c438ac5f8c097db3b393a9340c69e76fd273f021bd2fd2510572212db9c,
archaeology,Khảo cổ học,amphitheatre-model,delivery/stickers/archaeology/amphitheatre-model.png,alpha_corners_clear,59ef36410f8218b63e175d5bb2bc2eb6379556839eeef63c6b8f82004bbe695f,
sewing-room,Góc may vá,tailor-dress-form,delivery/stickers/sewing-room/tailor-dress-form.png,alpha_corners_clear,bce522ad2bd2037a7056f523ce5f2ed9ac0626bc1f069b98eaae960445919d7a,White cut margin reaches the top canvas edge; needs clear top padding.
sewing-room,Góc may vá,sewing-machine,delivery/_needs-alpha/sewing-room/sewing-machine.png,needs_alpha,5f635a733544b991a93e45c033811a4e82cd7e790c3d20b0561f9f68ae785076,
sewing-room,Góc may vá,tomato-pincushion,delivery/stickers/sewing-room/tomato-pincushion.png,alpha_corners_clear,9ad638ad370bbad19162d6fbd3b0ef0b882d49fa328c28b8f5e9d2347144e7c1,
sewing-room,Góc may vá,fabric-shears,delivery/stickers/sewing-room/fabric-shears.png,alpha_corners_clear,064ff5565cd420191842c5e1781e81b30456bb424468b025371267f698e24f8a,
sewing-room,Góc may vá,seam-ripper,delivery/stickers/sewing-room/seam-ripper.png,alpha_corners_clear,53a81091db006f61674867916fb5e66ad0eef9aabe19810cae935a22851a0e7d,
sewing-room,Góc may vá,tape-measure-coil,delivery/stickers/sewing-room/tape-measure-coil.png,alpha_corners_clear,46262125c29df18d02933e7a65e80a3a6261c870c1c6f0aea56982c923286cac,
sewing-room,Góc may vá,thread-spool-rack,delivery/stickers/sewing-room/thread-spool-rack.png,alpha_corners_clear,abeef31c7565b4d89f7f3cfdd91194db27c8f234dc3c50f3ff60b0ab2ca818d2,
sewing-room,Góc may vá,sewing-zipper,delivery/_needs-alpha/sewing-room/sewing-zipper.png,needs_alpha,dc390bbb8471ff56ee0fa751c99e2d3e6536d3cd3a818f9f69c52586efa0d2c2,
theatre-backstage,Hậu trường sân khấu,tailor-dress-form,delivery/stickers/theatre-backstage/tailor-dress-form.png,alpha_corners_clear,bce522ad2bd2037a7056f523ce5f2ed9ac0626bc1f069b98eaae960445919d7a,White cut margin reaches the top canvas edge; needs clear top padding.
theatre-backstage,Hậu trường sân khấu,theatre-masks,delivery/stickers/theatre-backstage/theatre-masks.png,alpha_corners_clear,dac97fe774372242c18f6d141abb4f1984e0cee5ce2efba59552f31b59347942,
theatre-backstage,Hậu trường sân khấu,stage-spotlight,delivery/_needs-alpha/theatre-backstage/stage-spotlight.png,needs_alpha,aa385650fae04921f1cf15d4ab59ad9becbb18a40adee1a08744f0dec80925dd,
theatre-backstage,Hậu trường sân khấu,red-theatre-curtain,delivery/stickers/theatre-backstage/red-theatre-curtain.png,alpha_corners_clear,17383d2c33f03ed8675aa1b69ccc56fe960f5d853d8cc61a8ef2d9b68afda2d8,
theatre-backstage,Hậu trường sân khấu,theatre-ticket,delivery/_needs-alpha/theatre-backstage/theatre-ticket.png,needs_alpha,f86b858c0df256636a4a1f4bada10b6b7df732d227ae71ee1b8ea9fea2bd1470,
theatre-backstage,Hậu trường sân khấu,proscenium-stage-model,delivery/_needs-alpha/theatre-backstage/proscenium-stage-model.png,needs_alpha,018d84f24e66f64146a8df6367df4aa3b6ed8335f535f65267781e747bee8b4c,
theatre-backstage,Hậu trường sân khấu,opera-binoculars,delivery/_needs-alpha/theatre-backstage/opera-binoculars.png,needs_alpha,195f1ec87b196c02456a27a9cee351f3e73a81e7741883c94a253a291579226f,
theatre-backstage,Hậu trường sân khấu,theatrical-mustache,delivery/stickers/theatre-backstage/theatrical-mustache.png,alpha_corners_clear,5af7dc55d18cfd2482b99ef8795df2c0f113e4cff1d742baa5af6271d0b13e35,
forest-fungi,Nấm rừng,mushroom-basket,delivery/_needs-alpha/forest-fungi/mushroom-basket.png,needs_alpha,46062297b2052bb487d815860cd77b6e1530a08e33328aa597f9013a89498005,
forest-fungi,Nấm rừng,fly-agaric,delivery/stickers/forest-fungi/fly-agaric.png,alpha_corners_clear,086c5b03b2bc49485459cdfd15b9db2b934f7bbe4c3684a296f4ac69fd955fa7,
forest-fungi,Nấm rừng,chanterelle,delivery/_needs-alpha/forest-fungi/chanterelle.png,needs_alpha,f9eb1129dc3e61d34b55af164a00c361a5f0e70fec659a85311a6d822cf93d20,
forest-fungi,Nấm rừng,morel,delivery/_needs-alpha/forest-fungi/morel.png,needs_alpha,f2d9d5ec7278188cadfb943d98a4de4307b1987ced37e6d73808a1577b7f984f,
forest-fungi,Nấm rừng,oyster-mushroom,delivery/_needs-alpha/forest-fungi/oyster-mushroom.png,needs_alpha,5226ccec2542d26073522d3960518b3657d29b252f5bbcd83d5acb16da320d67,
forest-fungi,Nấm rừng,porcini,delivery/_needs-alpha/forest-fungi/porcini.png,needs_alpha,e83915a023b2bfdc4f26a20fdc20e724941420ab739d8f528a6c28c07e75f965,
forest-fungi,Nấm rừng,lions-mane-mushroom,delivery/_needs-alpha/forest-fungi/lions-mane-mushroom.png,needs_alpha,000135d592f0a561f6fda5b08a6af3d51cf28e11da4096782a3e98845b0982eb,
forest-fungi,Nấm rừng,coral-fungus,delivery/_needs-alpha/forest-fungi/coral-fungus.png,needs_alpha,3da312a6d0d7ab2e3548d0e32643e9c727857ec10f598bcc9fe01aa9389f71c7,
woodland-foraging,Hái lượm trong rừng,mushroom-basket,delivery/_needs-alpha/woodland-foraging/mushroom-basket.png,needs_alpha,46062297b2052bb487d815860cd77b6e1530a08e33328aa597f9013a89498005,
woodland-foraging,Hái lượm trong rừng,foraging-knife,delivery/_needs-alpha/woodland-foraging/foraging-knife.png,needs_alpha,d8d10b1f8af468e97ccc0811959cea1e9c047d37bed36434f6fa988bfdf00d8a,
woodland-foraging,Hái lượm trong rừng,wild-blackberry-branch,delivery/_needs-alpha/woodland-foraging/wild-blackberry-branch.png,needs_alpha,51d923b61ef60dc539fc2c1b1bbf3ec9498d2c84da43e33ce87e977ada5e007d,
woodland-foraging,Hái lượm trong rừng,wild-chestnut,delivery/_needs-alpha/woodland-foraging/wild-chestnut.png,needs_alpha,9193fe5cc134a583dd70c906549c8354932f366dad74ceb889236646eb306f7c,
woodland-foraging,Hái lượm trong rừng,wild-rosehips,delivery/_needs-alpha/woodland-foraging/wild-rosehips.png,needs_alpha,9309d4517abb8a7169fdcddb4b8692c2d19761f8c0b2367f3f5bd65447516e6d,
woodland-foraging,Hái lượm trong rừng,wild-garlic-bundle,delivery/_needs-alpha/woodland-foraging/wild-garlic-bundle.png,needs_alpha,fd6e836b1f6b7077d311d16bb523c85a308feddf8dd8a74b2ba25b1ac74141d3,
woodland-foraging,Hái lượm trong rừng,fiddlehead-ferns,delivery/_needs-alpha/woodland-foraging/fiddlehead-ferns.png,needs_alpha,b7d1caaae6ad9d5d8402d19ed1093fb8480250d6e50a46671b0057a902f77d6b,
woodland-foraging,Hái lượm trong rừng,foraging-field-guide,delivery/_needs-alpha/woodland-foraging/foraging-field-guide.png,needs_alpha,78f6a881c413367fc5fc2646c2108add791e49f51f68adf52cc4fd8f1751ead1,
terrarium-workshop,Làm terrarium,haworthia-pot,delivery/_needs-alpha/terrarium-workshop/haworthia-pot.png,needs_alpha,84951f0223d3a11943c47ec9815c9076b91a2c8462007b8d61e47aba323fb1bc,
terrarium-workshop,Làm terrarium,closed-jar-terrarium,delivery/_needs-alpha/terrarium-workshop/closed-jar-terrarium.png,needs_alpha,95f1b6d93e153a340c4f3c4dd1cc82e3004e2c94ab6230877a256421f6ca1e75,
terrarium-workshop,Làm terrarium,terrarium-tweezers,delivery/_needs-alpha/terrarium-workshop/terrarium-tweezers.png,needs_alpha,5aa49a060eaf2293286ebe2a19b86c771fb518ab44b5f782d9231a8ec86b808c,
terrarium-workshop,Làm terrarium,terrarium-mister,delivery/_needs-alpha/terrarium-workshop/terrarium-mister.png,needs_alpha,335bf2b776452256ed206802ae15f188241cf7ced20300e47218a430a1b599c2,Reduce broad white glass reflections and metallic shine; use softer matte painted color patches to match desktop references.
terrarium-workshop,Làm terrarium,terrarium-pebbles,delivery/_needs-alpha/terrarium-workshop/terrarium-pebbles.png,needs_alpha,453c9b9529b8d89fe704b90fa61f3126253f075a025b3217800bce7618b99be1,
terrarium-workshop,Làm terrarium,terrarium-moss,delivery/_needs-alpha/terrarium-workshop/terrarium-moss.png,needs_alpha,78671e7b5552602b9b2297f6d8950cdeb85d74a567bb5b8cf778e538b63b1fc5,Mushrooms dominate the silhouette. Simplify to a low moss cushion without prominent mushrooms so the subject reads clearly as moss.
terrarium-workshop,Làm terrarium,terrarium-charcoal,delivery/_needs-alpha/terrarium-workshop/terrarium-charcoal.png,needs_alpha,cca8b7025b4bbceda3e8599a5b00e86b46958553ece503dfe9eac468eb2db211,
terrarium-workshop,Làm terrarium,terrarium-funnel,delivery/_needs-alpha/terrarium-workshop/terrarium-funnel.png,needs_alpha,a948743fe8a2097befb425cb436a6d947ac661eef6b1e02103985778d0df5a5e,
succulent-collection,Bộ sưu tập sen đá,haworthia-pot,delivery/_needs-alpha/succulent-collection/haworthia-pot.png,needs_alpha,84951f0223d3a11943c47ec9815c9076b91a2c8462007b8d61e47aba323fb1bc,
succulent-collection,Bộ sưu tập sen đá,echeveria-pot,delivery/_needs-alpha/succulent-collection/echeveria-pot.png,needs_alpha,3a48e919e1ce9c0866792162b2eb2be9889ae358a26c9c477c5473c1f184bd1f,
succulent-collection,Bộ sưu tập sen đá,jade-plant-pot,delivery/_needs-alpha/succulent-collection/jade-plant-pot.png,needs_alpha,57bf17e56279605354f352cc164bf0a4f8a70d43ed0f66aa25e6b0ee5b188d71,
succulent-collection,Bộ sưu tập sen đá,string-of-pearls-pot,delivery/_needs-alpha/succulent-collection/string-of-pearls-pot.png,needs_alpha,1559676ede47d5559170f5f4176e290a2b915f182efae828cdd23abdaeb0a7a7,
succulent-collection,Bộ sưu tập sen đá,lithops-pot,delivery/_needs-alpha/succulent-collection/lithops-pot.png,needs_alpha,e1c396a38adff91d8bb47fa54af75d1a704d6c7a2bc2ad1a061af578b2401403,
succulent-collection,Bộ sưu tập sen đá,burros-tail-pot,delivery/_needs-alpha/succulent-collection/burros-tail-pot.png,needs_alpha,f83e2d89a9e048f10c6da236dab6c58676c4d7b010b98d8362c85d7a4ef88de0,
succulent-collection,Bộ sưu tập sen đá,panda-plant-pot,delivery/_needs-alpha/succulent-collection/panda-plant-pot.png,needs_alpha,6efc6b1493702bb57470b7f4c309bf71c731773a1e9917954cf4f342e9c6b844,
succulent-collection,Bộ sưu tập sen đá,aeonium-pot,delivery/_needs-alpha/succulent-collection/aeonium-pot.png,needs_alpha,5b826a81edef15e63129326446a618e0c8a541df5bb72d5ad48701e9dbba96ed,
snorkeling,Lặn ngắm san hô,staghorn-coral,delivery/stickers/snorkeling/staghorn-coral.png,alpha_corners_clear,a67aa8491b72a0c05093d12ec43710961bf8463f9ffec50694674803660d833e,
snorkeling,Lặn ngắm san hô,snorkel-mask,delivery/stickers/snorkeling/snorkel-mask.png,alpha_corners_clear,80740bb7d606273e9f7d8cb6b1bce4fc2bebfb2bafe81ff88c8836dbcf4bfd26,White sticker margin touches both side edges. Reframe with clear padding.
snorkeling,Lặn ngắm san hô,snorkel-tube,delivery/stickers/snorkeling/snorkel-tube.png,alpha_corners_clear,3b7d8d80fbcc4d8e250709d1d4539fa2ac3c21a7614c507a8e43a9168cc7e364,Small white export debris reaches top canvas edge. Clean edge and reframe slightly smaller.
snorkeling,Lặn ngắm san hô,swim-fins,delivery/stickers/snorkeling/swim-fins.png,alpha_corners_clear,1e14014893b23038814bd3091523eee99035c9a58a52d5c281f1a5d92370aad0,
snorkeling,Lặn ngắm san hô,dive-rashguard,delivery/stickers/snorkeling/dive-rashguard.png,alpha_corners_clear,ff7149a5c8e0ad00223c37104724d16a541f51fee86812997f91535bf13a2c2b,Side padding is only about 1.4 percent of canvas width; increase clear padding and clean underarm alpha edges.
snorkeling,Lặn ngắm san hô,surface-marker-buoy,delivery/stickers/snorkeling/surface-marker-buoy.png,alpha_corners_clear,7807c7413a57bbf4cc85575900274f5d46b400cd078d6f275202a1ada9d925c8,
snorkeling,Lặn ngắm san hô,underwater-camera,delivery/stickers/snorkeling/underwater-camera.png,alpha_corners_clear,ed3e26bb275f62be31616dcec759f41a01b6baa4385c57f3ee7a8822d202d326,
snorkeling,Lặn ngắm san hô,reef-id-slate,delivery/stickers/snorkeling/reef-id-slate.png,alpha_corners_clear,7544d17fafd2db85d62a43fee9da718ec728287bf8f9e54a5c5ed03c9982152d,
coral-restoration,Vườn ươm san hô,staghorn-coral,delivery/stickers/coral-restoration/staghorn-coral.png,alpha_corners_clear,a67aa8491b72a0c05093d12ec43710961bf8463f9ffec50694674803660d833e,
coral-restoration,Vườn ươm san hô,brain-coral,delivery/stickers/coral-restoration/brain-coral.png,alpha_corners_clear,6b5f323cd4698815d3d5ba46ce0472c4aee9ce0ccb7d42214e26537e7196084c,
coral-restoration,Vườn ươm san hô,table-coral,delivery/stickers/coral-restoration/table-coral.png,alpha_corners_clear,621380d8147c963218b1dad5be8cf5b46ea43d3883a72c8833d007febb16bc54,The planned broad flat canopy became a deep cupped form; redraw as a flat table-like canopy on short branching supports. Increase side padding.
coral-restoration,Vườn ươm san hô,coral-nursery-tree,delivery/stickers/coral-restoration/coral-nursery-tree.png,alpha_corners_clear,bd1f6c57ef4f40118ba242e8fd7bb42f240ff19b3063753bf7d7477c57f2923e,Clean the white export remnants inside the frame so the spaces around hanging coral are transparent; increase side padding.
coral-restoration,Vườn ươm san hô,coral-frag-plug,delivery/stickers/coral-restoration/coral-frag-plug.png,alpha_corners_clear,b815b54e12108b498f9d9ab5b51b910b2c4440e08be670e024ef3d5bba8b565c,
coral-restoration,Vườn ươm san hô,coral-cement-bucket,delivery/_needs-alpha/coral-restoration/coral-cement-bucket.png,needs_alpha,c304879ca0295dfd3c4ffd3fad68192ce17172737b67daec291c9498adbe010c,
coral-restoration,Vườn ươm san hô,coral-monitoring-quadrat,delivery/stickers/coral-restoration/coral-monitoring-quadrat.png,alpha_corners_clear,1ead006f12f8671ed7d16113a86125f56e04c5ccfa6df41059d4f71ca092e280,Remove white export remnants and speckled alpha from all nine grid openings; keep only a narrow clean white cut margin.
coral-restoration,Vườn ươm san hô,coral-cleaning-brush,delivery/_needs-alpha/coral-restoration/coral-cleaning-brush.png,needs_alpha,6db594f49a1213e18558af9c446f7f6bd31626140d70af9b29c5aaf3ac521bfb,
post-office,Bưu điện,wax-seal-stamp,delivery/stickers/post-office/wax-seal-stamp.png,alpha_corners_clear,67326be25dc0b1f1b3233119ba9c289607340925e11d28e19e0103d1de32663c,
post-office,Bưu điện,postal-mailbox,delivery/stickers/post-office/postal-mailbox.png,alpha_corners_clear,36186ce61508c793e32fcc11646871ca33f31a02457ddaf6959d811da9478d32,
post-office,Bưu điện,postal-satchel,delivery/stickers/post-office/postal-satchel.png,alpha_corners_clear,4f9dd72d6c16400318fa97df991755c01fc5c475b7383abc13489c7f2cab202b,
post-office,Bưu điện,postal-parcel,delivery/stickers/post-office/postal-parcel.png,alpha_corners_clear,c3600ebd06f5a9d5782a6bfd618e9c7417858cf7fe9c750fc6c7e807943e1836,
post-office,Bưu điện,postage-stamp-sheet,delivery/stickers/post-office/postage-stamp-sheet.png,alpha_corners_clear,52fd292d179259d056d6ef4cfbd42ea7e6cc24fab952140fcc2ebe2ec74897c4,
post-office,Bưu điện,postal-scale,delivery/stickers/post-office/postal-scale.png,alpha_corners_clear,2082e311cd8d367295544f3d8f912ad0dc02d6db7f627b56702548d82b135929,
post-office,Bưu điện,airmail-envelope,delivery/stickers/post-office/airmail-envelope.png,alpha_corners_clear,a0cd671e0e24a12a1ea2a4360bf19bc5f7e858e523f5e33199696c37734986d3,
post-office,Bưu điện,postmark-stamper,delivery/stickers/post-office/postmark-stamper.png,alpha_corners_clear,4e74ec6b6be61d85d6c3b0398a388ab940d7d230404e92830119c595bf9addc8,
calligraphy-desk,Bàn thư pháp,wax-seal-stamp,delivery/stickers/calligraphy-desk/wax-seal-stamp.png,alpha_corners_clear,67326be25dc0b1f1b3233119ba9c289607340925e11d28e19e0103d1de32663c,
calligraphy-desk,Bàn thư pháp,calligraphy-dip-pen,delivery/stickers/calligraphy-desk/calligraphy-dip-pen.png,alpha_corners_clear,3ce85833c1c8cff5200d9a6fb975e39102735a0e066e66c242d2bfe0ff0b1bb4,
calligraphy-desk,Bàn thư pháp,calligraphy-ink-bottle,delivery/stickers/calligraphy-desk/calligraphy-ink-bottle.png,alpha_corners_clear,ef8fc1e3f84341b34a41c60e9f2f14dbdc17277ce84b6a2a9cbc5134e4ebed99,
calligraphy-desk,Bàn thư pháp,calligraphy-brush,delivery/_needs-alpha/calligraphy-desk/calligraphy-brush.png,needs_alpha,2d3db09fb103d90dd216c481f01f2bc7845ef47b430a208a393e1df16f6e6904,
calligraphy-desk,Bàn thư pháp,calligraphy-inkstone,delivery/_needs-alpha/calligraphy-desk/calligraphy-inkstone.png,needs_alpha,d58ee97fbd7b51fba4a5bcd68ee848eac9e21b08dcb4f9f03f99dec446e8aea2,Reduce mottled stone texture and near-black recessed shading; keep two or three softer slate-gray painted planes matching the desktop references.
calligraphy-desk,Bàn thư pháp,calligraphy-paper-scroll,delivery/stickers/calligraphy-desk/calligraphy-paper-scroll.png,alpha_corners_clear,0699e8a02f46e3040c841d2ef677f9dd824a8bcf89982a3d9d41dd2bfeec906a,
calligraphy-desk,Bàn thư pháp,calligraphy-pen-rest,delivery/_needs-alpha/calligraphy-desk/calligraphy-pen-rest.png,needs_alpha,084b8be3a45482b1838d78225b32803eb860524714e0b85d239c95f1416932b9,
calligraphy-desk,Bàn thư pháp,calligraphy-nib-tin,delivery/stickers/calligraphy-desk/calligraphy-nib-tin.png,alpha_corners_clear,a07c6f273a6062e3199bf4c84aca8947031ea2ed5e3071cf9b3ff949c01605ee,
science-laboratory,Phòng thí nghiệm,glass-thermometer,delivery/stickers/science-laboratory/glass-thermometer.png,alpha_corners_clear,d324511c6046cc6542ae61921947caba39b1deb81e4da71ffe89c7ebca3a2efb,
science-laboratory,Phòng thí nghiệm,lab-microscope,delivery/stickers/science-laboratory/lab-microscope.png,alpha_corners_clear,543a34e93fec7b43dc9905605cf914e99c36e28d3e72b65c02ed0c3e4b5ccd8c,Clean white remnants in the opening beneath the objective lenses; retain a narrow even cut margin around the hardware and clear transparent gaps.
science-laboratory,Phòng thí nghiệm,lab-test-tube-rack,delivery/stickers/science-laboratory/lab-test-tube-rack.png,alpha_corners_clear,20203c8d4d6fe08b8070f3155911b81687e5b8b49cc760e2a4f7d25bfeb93f0a,
science-laboratory,Phòng thí nghiệm,lab-erlenmeyer-flask,delivery/stickers/science-laboratory/lab-erlenmeyer-flask.png,alpha_corners_clear,691d688b9f6352fbacb07d4dfccba25177035a4616ffe3d9d8528eb7654072be,
science-laboratory,Phòng thí nghiệm,lab-petri-dish,delivery/stickers/science-laboratory/lab-petri-dish.png,alpha_corners_clear,3adbff8f4d9da667e3421065c604f3d9100e37fb10416963eed920ca1d325233,
science-laboratory,Phòng thí nghiệm,lab-pipette,delivery/_needs-alpha/science-laboratory/lab-pipette.png,needs_alpha,16607b293aeeea3df6eb544b913925e26f857cafab1f95f58b3b8c9fd158ebf7,
science-laboratory,Phòng thí nghiệm,lab-centrifuge,delivery/_needs-alpha/science-laboratory/lab-centrifuge.png,needs_alpha,55e7e123bc2e181a2c9d8d9784d87e24c4ce0285e54fcd155b958673c5de09e1,
science-laboratory,Phòng thí nghiệm,lab-safety-goggles,delivery/stickers/science-laboratory/lab-safety-goggles.png,alpha_corners_clear,5155ace2e8eab3ea89363a2fc251c5b99a66cfbbafe421eea972793f6914b4fc,
weather-station,Trạm khí tượng,glass-thermometer,delivery/stickers/weather-station/glass-thermometer.png,alpha_corners_clear,d324511c6046cc6542ae61921947caba39b1deb81e4da71ffe89c7ebca3a2efb,
weather-station,Trạm khí tượng,weather-anemometer,delivery/stickers/weather-station/weather-anemometer.png,alpha_corners_clear,1e04da398d32c8f4ec950219a98b9cd6ca8d02458729402a4b1b9d8a4acd29c3,Remove irregular white debris between the rotating cups and the central stand; keep the white cut margin narrow and the surrounding gaps transparent.
weather-station,Trạm khí tượng,weather-wind-vane,delivery/stickers/weather-station/weather-wind-vane.png,alpha_corners_clear,6494978616d0d4c9ee0a3a0591ff55fb56b101ec002fccf03d629be8b72314f4,Clean detached white specks in the open spaces above and below the arrow without changing the painted rooster or palette.
weather-station,Trạm khí tượng,weather-rain-gauge,delivery/_needs-alpha/weather-station/weather-rain-gauge.png,needs_alpha,07151581cad867751d6cbd38c78309a7078227a494e7f76b5e91a48e4b04b5e8,
weather-station,Trạm khí tượng,weather-barometer,delivery/_needs-alpha/weather-station/weather-barometer.png,needs_alpha,de95d1c6958744225c535f712398e284d7df4d168439ebf8b2cf8c09d6a06c85,
weather-station,Trạm khí tượng,weather-balloon,delivery/stickers/weather-station/weather-balloon.png,alpha_corners_clear,aca7184b0922972bbca882b5f6ae286550f5a878b8d3a1dffcd3a95f6bc5d564,
weather-station,Trạm khí tượng,weather-windsock,delivery/stickers/weather-station/weather-windsock.png,alpha_corners_clear,f789904da0ec84ed654dfef1ffc7e9a2e625ef6b3ddad1368dc9f213bd1fa76a,
weather-station,Trạm khí tượng,weather-shelter,delivery/_needs-alpha/weather-station/weather-shelter.png,needs_alpha,c56642ebb5c90b0542ac85253333671f40c364156e1c63423ab6aff38b331c1d,
percussion,Nhạc cụ gõ,snare-drum,delivery/stickers/percussion/snare-drum.png,alpha_corners_clear,0aa04f6dfbce8171d2b413e4a2b172fd8452c9035c4db33d88e31c9791f0ff27,
percussion,Nhạc cụ gõ,djembe,delivery/_needs-alpha/percussion/djembe.png,needs_alpha,531466b2b45e04eb3504cacb382603d06f19012b84f07f6d0a58a5326d92cd74,
percussion,Nhạc cụ gõ,bongos,delivery/stickers/percussion/bongos.png,alpha_corners_clear,d5fed6c4220623cf8d7b876526ce4f3dd2c79cce676d1230ec68edd5e216dd64,Both side edges are too close to the canvas and include white export debris. Reframe the full paired drums smaller with clear padding.
percussion,Nhạc cụ gõ,tambourine,delivery/stickers/percussion/tambourine.png,alpha_corners_clear,9e225800ac7b4ff1e7f0059f64f7de6cead502216183a2591dc06bf46742a72d,
percussion,Nhạc cụ gõ,maracas,delivery/stickers/percussion/maracas.png,alpha_corners_clear,4b8a15759d5d259b6dcf6d978c3a79c45c5c333ac571e3679cb9bf565ae7257f,Remove detached white specks above the shakers and around the crossed handles while preserving the artwork.
percussion,Nhạc cụ gõ,triangle-instrument,delivery/stickers/percussion/triangle-instrument.png,alpha_corners_clear,4f96a9398377045604f013064a092b6e03065967f236cfd3189fac6615077693,Clean white remnants inside the triangular opening and between the triangle and beater; preserve a narrow even sticker border.
percussion,Nhạc cụ gõ,kalimba,delivery/stickers/percussion/kalimba.png,alpha_corners_clear,85ced29c55dc829a4dcb93517f6523e67e0c86b55a32da3fc714b5247a454144,
percussion,Nhạc cụ gõ,handpan,delivery/stickers/percussion/handpan.png,alpha_corners_clear,038cc86dfd78c152ceb711ef236b865af6fa3e04e56fc7b73e198aaa8713234f,
marching-band,Đội nhạc diễu hành,snare-drum,delivery/stickers/marching-band/snare-drum.png,alpha_corners_clear,0aa04f6dfbce8171d2b413e4a2b172fd8452c9035c4db33d88e31c9791f0ff27,
marching-band,Đội nhạc diễu hành,marching-bass-drum,delivery/stickers/marching-band/marching-bass-drum.png,alpha_corners_clear,7ec0219f1212618c7f62f79c5eb10f848704cf58f159771b8ed6326b91a2d895,Clean white fill and ragged alpha in the openings beneath the shoulder harness while preserving the white hardware and narrow sticker margin.
marching-band,Đội nhạc diễu hành,marching-sousaphone,delivery/stickers/marching-band/marching-sousaphone.png,alpha_corners_clear,d8cc7ec278a1736d4253e3ffd30cadc048a3610bb117ad78e7010c25459122cc,Clean detached white remnants in the large coil and under the bell; preserve the painted brass shading.
marching-band,Đội nhạc diễu hành,marching-trumpet,delivery/stickers/marching-band/marching-trumpet.png,alpha_corners_clear,283bb2e5c6e700bd34d790269a0932be9aa1f5e67254e09b937017650cabd480,Reframe smaller with clear padding on both sides and remove white export remnants in the tubing openings.
marching-band,Đội nhạc diễu hành,marching-clarinet,delivery/stickers/marching-band/marching-clarinet.png,alpha_corners_clear,224af34364b00e0dc55eb457264631176e78972d1d0347d58315bc35031e8816,
marching-band,Đội nhạc diễu hành,marching-cymbals,delivery/stickers/marching-band/marching-cymbals.png,alpha_corners_clear,7bdcb878252d45471dd4adf6036bacd00cfe6286fb7fc45d9c20364ecd9700dc,
marching-band,Đội nhạc diễu hành,band-shako,delivery/stickers/marching-band/band-shako.png,alpha_corners_clear,b42e614cba17f8160149cc8a408dae78ccf091e02211ac29574198a04e587530,
marching-band,Đội nhạc diễu hành,drum-major-mace,delivery/stickers/marching-band/drum-major-mace.png,alpha_corners_clear,20cd5b713f9d7681249a114c5ff47599f44a8962d611744b72e346bdaeff4b34,Clean the irregular white fill between the tassels and the shaft without changing the design.
garden-insects,Côn trùng vườn,ladybird,delivery/stickers/garden-insects/ladybird.png,alpha_corners_clear,4b13a0845e90e01a34b906c7a2f29e1d7c9429a4b6076f1ed1a0b538113604f2,
garden-insects,Côn trùng vườn,praying-mantis,delivery/_needs-alpha/garden-insects/praying-mantis.png,needs_alpha,081d3c824366e4b12a6aaf05b3d11fc9da2b6574247bba47913f94b1f70b5145,
garden-insects,Côn trùng vườn,dragonfly,delivery/_needs-alpha/garden-insects/dragonfly.png,needs_alpha,0c23c02006fdb41a78196c43c3f66ae0647d1e78f7b009e5b4fce16107f9e1b9,Add small recognizable insect legs beneath the thorax; keep four wings and the existing soft painted style.
garden-insects,Côn trùng vườn,grasshopper,delivery/stickers/garden-insects/grasshopper.png,alpha_corners_clear,08ff8777391ff25685c25e946bc4109cf20553632df72e38ae5335fbbb406e49,Remove white export remnants between the antennae and legs while keeping thin even cut margins.
garden-insects,Côn trùng vườn,stag-beetle,delivery/stickers/garden-insects/stag-beetle.png,alpha_corners_clear,95d23ff6af42e1d338709cbacbce3988bad649f05ab54b2f88ea6be21f47d70f,"Remove extensive white export remnants in gaps between legs, antennae and horns or mandibles; preserve the existing anatomy and soft painted palette."
garden-insects,Côn trùng vườn,leaf-insect,delivery/stickers/garden-insects/leaf-insect.png,alpha_corners_clear,4b089681ecc6196c79f4617ab0c725f56a44355c9880a93b7f509f53111448ac,"Remove extensive white export remnants in gaps between legs, antennae and horns or mandibles; preserve the existing anatomy and soft painted palette."
garden-insects,Côn trùng vườn,rhinoceros-beetle,delivery/stickers/garden-insects/rhinoceros-beetle.png,alpha_corners_clear,8a1dc103721100e520a88fcb7a365c73c2a16935d743072b1467a1329f5d0a76,"Remove extensive white export remnants in gaps between legs, antennae and horns or mandibles; preserve the existing anatomy and soft painted palette."
garden-insects,Côn trùng vườn,lacewing,delivery/_needs-alpha/garden-insects/lacewing.png,needs_alpha,42585b718f568010eec12bb3a408ad7e410d04cd453496e78e644c25d8e49653,
reptile-habitat,Ngôi nhà bò sát,reptile-glass-enclosure,delivery/_needs-alpha/reptile-habitat/reptile-glass-enclosure.png,needs_alpha,8edfc1504b8e57227dce0dbc21009164642895df79190d46ed64d1d84c4fbd6a,
reptile-habitat,Ngôi nhà bò sát,reptile-heat-lamp,delivery/_needs-alpha/reptile-habitat/reptile-heat-lamp.png,needs_alpha,9ba39e12250bcdb444f668563ee9398c563b993eb9392511898139719976f6de,
reptile-habitat,Ngôi nhà bò sát,reptile-hide-cave,delivery/stickers/reptile-habitat/reptile-hide-cave.png,alpha_corners_clear,a6b7ac466cc4f5899e47b0e40cbbbb79a8b647db83c0475fe9c124d1ab415c20,
reptile-habitat,Ngôi nhà bò sát,reptile-water-dish,delivery/stickers/reptile-habitat/reptile-water-dish.png,alpha_corners_clear,a2bc824ae1f9adbd6ca5978c5beeba6d8c2c0545a79571db88f2add8869926dd,
reptile-habitat,Ngôi nhà bò sát,reptile-cork-tunnel,delivery/_needs-alpha/reptile-habitat/reptile-cork-tunnel.png,needs_alpha,aa27a95ae6b26a8c0e54572e4cb37403bff2e20e2434ae6de1c4de0b820c39e2,
reptile-habitat,Ngôi nhà bò sát,reptile-climbing-branch,delivery/_needs-alpha/reptile-habitat/reptile-climbing-branch.png,needs_alpha,cf702d1407b9bdc82ecf4744299babdbcef7e9ec123d5aee437888bb0d2074de,
reptile-habitat,Ngôi nhà bò sát,reptile-hygrometer,delivery/_needs-alpha/reptile-habitat/reptile-hygrometer.png,needs_alpha,b6f92d78cb32e49b06effb459fe901e457a51078be66276fb69b56d85ffa6a26,
reptile-habitat,Ngôi nhà bò sát,reptile-feeding-tongs,delivery/_needs-alpha/reptile-habitat/reptile-feeding-tongs.png,needs_alpha,f76f5d893b30534144c1e2bbccad79fce423626f5664ef82d20c969708475ea6,
freshwater-wetland,Đầm nước ngọt,wetland-cattails,delivery/_needs-alpha/freshwater-wetland/wetland-cattails.png,needs_alpha,81b380af566ca2f1c073432672ce7ad4c22a85dce59e2707d8a7ec8386d07714,
freshwater-wetland,Đầm nước ngọt,wetland-water-lily,delivery/_needs-alpha/freshwater-wetland/wetland-water-lily.png,needs_alpha,89427a86fdb9b9e3accfc35f426cd100fa6b9022ce058b77adb3e03c277f12b7,
freshwater-wetland,Đầm nước ngọt,wetland-kingfisher,delivery/_needs-alpha/freshwater-wetland/wetland-kingfisher.png,needs_alpha,d25aca76013665efad1bf7531f62e19fd854a84e36bca8b9f379e710b691d82c,
freshwater-wetland,Đầm nước ngọt,wetland-heron,delivery/stickers/freshwater-wetland/wetland-heron.png,alpha_corners_clear,70064c5633fb9d3d3c337ef60d1920968ee33aeb965d9636c28bac75d63c7255,
freshwater-wetland,Đầm nước ngọt,wetland-otter,delivery/stickers/freshwater-wetland/wetland-otter.png,alpha_corners_clear,7f1a466c939846f762f1cbbfd8192a00ff1530e3decb1f55a30039935429d5c0,
freshwater-wetland,Đầm nước ngọt,wetland-beaver,delivery/stickers/freshwater-wetland/wetland-beaver.png,alpha_corners_clear,a1a0aa706810a9533b8919632e0ee4bfdf4ecdc2b70227e190f805ecd22cca18,
freshwater-wetland,Đầm nước ngọt,wetland-water-strider,delivery/stickers/freshwater-wetland/wetland-water-strider.png,alpha_corners_clear,bbaa9ca0f0560b3794e5558374fa0affc9cff666b730c77c6c630a2f7dd86e65,
freshwater-wetland,Đầm nước ngọt,wetland-muskrat,delivery/stickers/freshwater-wetland/wetland-muskrat.png,alpha_corners_clear,21cc474566e1daa6580655d2ce779558254d025c86c69ef3448d1bb412f8c2db,
rock-pool,Hồ thủy triều,tidepool-hermit-crab,,missing,,
rock-pool,Hồ thủy triều,tidepool-anemone,,missing,,
rock-pool,Hồ thủy triều,tidepool-limpet,,missing,,
rock-pool,Hồ thủy triều,tidepool-barnacles,,missing,,
rock-pool,Hồ thủy triều,tidepool-chiton,,missing,,
rock-pool,Hồ thủy triều,tidepool-blenny,,missing,,
rock-pool,Hồ thủy triều,tidepool-sea-lettuce,,missing,,
rock-pool,Hồ thủy triều,tidepool-brittle-star,,missing,,
fossil-dig,Khai quật hóa thạch,fossil-ammonite,delivery/stickers/fossil-dig/fossil-ammonite.png,alpha_corners_clear,9be8f349d8cbcbd541c106643c0413be07dd5fd12f5d5d180965177432d212a4,
fossil-dig,Khai quật hóa thạch,fossil-trilobite,delivery/stickers/fossil-dig/fossil-trilobite.png,alpha_corners_clear,d0aed9aef3830865da50448947e6aceb6c10104fec02eb9a6ce9e6296496c7d9,
fossil-dig,Khai quật hóa thạch,fossil-fern,delivery/stickers/fossil-dig/fossil-fern.png,alpha_corners_clear,b9057cce72ce7148c8299f74d542ea42d18432f33705bb291e0b3225b247645d,
fossil-dig,Khai quật hóa thạch,fossil-shark-tooth,delivery/stickers/fossil-dig/fossil-shark-tooth.png,alpha_corners_clear,eb98ccb2e26f8f326bdd4e5a63f98a49ed07da7d327b52761f3da5358623f70b,
fossil-dig,Khai quật hóa thạch,fossil-dinosaur-footprint,delivery/stickers/fossil-dig/fossil-dinosaur-footprint.png,alpha_corners_clear,6f39be42d961a1dae5ef1152aefb04ca6baf6438dd82dfc7189a4617a4b59fe8,
fossil-dig,Khai quật hóa thạch,fossil-plaster-jacket,delivery/stickers/fossil-dig/fossil-plaster-jacket.png,alpha_corners_clear,676cb533297a5aa288c4345e7435cd6a715d2050bbe7b920d359e0ff0feae87a,
fossil-dig,Khai quật hóa thạch,fossil-rock-hammer,delivery/stickers/fossil-dig/fossil-rock-hammer.png,alpha_corners_clear,f05d2999be6f79c67b6240053fdd70f3e09fb590ad19829fd32de1d32cb69aea,
fossil-dig,Khai quật hóa thạch,fossil-amber-insect,delivery/stickers/fossil-dig/fossil-amber-insect.png,alpha_corners_clear,6778d6fbe0953f4d40776276efe3c9661d0571938e35ea965aeb3f080e79eafd,
observatory,Đài quan sát,observatory-telescope,,missing,,
observatory,Đài quan sát,observatory-dome,,missing,,
observatory,Đài quan sát,observatory-star-chart,,missing,,
observatory,Đài quan sát,observatory-armillary,,missing,,
observatory,Đài quan sát,observatory-orrery,,missing,,
observatory,Đài quan sát,observatory-eyepiece,,missing,,
observatory,Đài quan sát,observatory-red-torch,,missing,,
observatory,Đài quan sát,observatory-meteorite,,missing,,
mineral-collection,Bộ sưu tập khoáng vật,mineral-amethyst,delivery/stickers/mineral-collection/mineral-amethyst.png,alpha_corners_clear,aa50141235fec1f1e04354a4d476cc871ee3871668777581230a43f2bfa81184,
mineral-collection,Bộ sưu tập khoáng vật,mineral-pyrite,delivery/stickers/mineral-collection/mineral-pyrite.png,alpha_corners_clear,c8473770cf0f0ac89b709ea4321fe8b2205b0accc7afe2522c26a1bd10ef7fe0,
mineral-collection,Bộ sưu tập khoáng vật,mineral-malachite,delivery/stickers/mineral-collection/mineral-malachite.png,alpha_corners_clear,5f51515e75ac9e5de90b013d2452d625ff83081d1957a0f0d0f0acae858d4cfe,
mineral-collection,Bộ sưu tập khoáng vật,mineral-fluorite,delivery/stickers/mineral-collection/mineral-fluorite.png,alpha_corners_clear,a946cfa0798c2aaab5defc48c5504375622fc312480064886f4e8c2974992c56,
mineral-collection,Bộ sưu tập khoáng vật,mineral-rose-quartz,delivery/stickers/mineral-collection/mineral-rose-quartz.png,alpha_corners_clear,9e4d0eee86df9262a08a01a0478bec50908b1b29caf054b16fcb272b5c3bce2b,
mineral-collection,Bộ sưu tập khoáng vật,mineral-selenite,delivery/stickers/mineral-collection/mineral-selenite.png,alpha_corners_clear,4dc7535d64ca8f3a83e1b76277e99b4f449b4e137add5080d97a1d48256713be,
mineral-collection,Bộ sưu tập khoáng vật,mineral-geode,delivery/stickers/mineral-collection/mineral-geode.png,alpha_corners_clear,83b1b6224b757c7513bab131984e45c2171dd133939c603536a164683d8c8804,
mineral-collection,Bộ sưu tập khoáng vật,mineral-azurite,delivery/stickers/mineral-collection/mineral-azurite.png,alpha_corners_clear,c55745734a5123dab9fb8a62ea06bd394a51c8355987d3277d73c9b1ec90dd45,
cave-exploration,Thám hiểm hang động,caving-helmet,,missing,,
cave-exploration,Thám hiểm hang động,caving-rope-coil,,missing,,
cave-exploration,Thám hiểm hang động,caving-ascender,,missing,,
cave-exploration,Thám hiểm hang động,caving-descender,,missing,,
cave-exploration,Thám hiểm hang động,caving-suit,,missing,,
cave-exploration,Thám hiểm hang động,caving-survey-kit,,missing,,
cave-exploration,Thám hiểm hang động,caving-stalactite,,missing,,
cave-exploration,Thám hiểm hang động,caving-stalagmite,,missing,,
railway-station,Ga tàu hỏa,railway-signal,,missing,,
railway-station,Ga tàu hỏa,railway-locomotive,,missing,,
railway-station,Ga tàu hỏa,railway-platform-clock,,missing,,
railway-station,Ga tàu hỏa,railway-conductor-hat,,missing,,
railway-station,Ga tàu hỏa,railway-ticket-punch,,missing,,
railway-station,Ga tàu hỏa,railway-luggage-trolley,,missing,,
railway-station,Ga tàu hỏa,railway-buffer-stop,,missing,,
railway-station,Ga tàu hỏa,railway-crossing-gate,,missing,,
harbor-life,Bến cảng,harbor-tugboat,,missing,,
harbor-life,Bến cảng,harbor-mooring-bollard,,missing,,
harbor-life,Bến cảng,harbor-buoy,,missing,,
harbor-life,Bến cảng,harbor-dock-cleat,,missing,,
harbor-life,Bến cảng,harbor-lobster-trap,,missing,,
harbor-life,Bến cảng,harbor-ship-wheel,,missing,,
harbor-life,Bến cảng,harbor-lighthouse,,missing,,
harbor-life,Bến cảng,harbor-cargo-crane,,missing,,
vineyard,Vườn nho,vineyard-grape-trellis,,missing,,
vineyard,Vườn nho,vineyard-pruning-shears,,missing,,
vineyard,Vườn nho,vineyard-grape-basket,,missing,,
vineyard,Vườn nho,vineyard-oak-barrel,,missing,,
vineyard,Vườn nho,vineyard-grape-press,,missing,,
vineyard,Vườn nho,vineyard-carafe,,missing,,
vineyard,Vườn nho,vineyard-corkscrew,,missing,,
vineyard,Vườn nho,vineyard-vine-cutting,,missing,,
pasta-workshop,Xưởng mì Ý,pasta-hand-crank-machine,,missing,,
pasta-workshop,Xưởng mì Ý,pasta-tagliatelle-nest,,missing,,
pasta-workshop,Xưởng mì Ý,pasta-ravioli,,missing,,
pasta-workshop,Xưởng mì Ý,pasta-gnocchi-board,,missing,,
pasta-workshop,Xưởng mì Ý,pasta-farfalle,,missing,,
pasta-workshop,Xưởng mì Ý,pasta-tortellini,,missing,,
pasta-workshop,Xưởng mì Ý,pasta-wheel-cutter,,missing,,
pasta-workshop,Xưởng mì Ý,pasta-drying-rack,,missing,,
dumpling-table,Bàn bánh hấp,dumpling-bamboo-steamer,,missing,,
dumpling-table,Bàn bánh hấp,dumpling-har-gow,,missing,,
dumpling-table,Bàn bánh hấp,dumpling-siu-mai,,missing,,
dumpling-table,Bàn bánh hấp,dumpling-bao,,missing,,
dumpling-table,Bàn bánh hấp,dumpling-mandu,,missing,,
dumpling-table,Bàn bánh hấp,dumpling-momo,,missing,,
dumpling-table,Bàn bánh hấp,dumpling-rolling-pin,,missing,,
dumpling-table,Bàn bánh hấp,dumpling-dipping-dish,,missing,,
mediterranean-mezze,Bàn ăn Địa Trung Hải,mezze-hummus,delivery/stickers/mediterranean-mezze/mezze-hummus.png,alpha_corners_clear,8fdf2ff039614ff164043198f4255d4a4f0c243fd36758b4b347bf408301f875,
mediterranean-mezze,Bàn ăn Địa Trung Hải,mezze-falafel,delivery/stickers/mediterranean-mezze/mezze-falafel.png,alpha_corners_clear,f11e2d45e3eafeba7dfb809d617a2eca69db850b4b2d308c1b6dd665539b1b37,
mediterranean-mezze,Bàn ăn Địa Trung Hải,mezze-pita,delivery/stickers/mediterranean-mezze/mezze-pita.png,alpha_corners_clear,6f5167b4de8da3a7a8c962656b034b95fc9b554def10e4a6cbf59f21c66c05eb,
mediterranean-mezze,Bàn ăn Địa Trung Hải,mezze-dolma,delivery/stickers/mediterranean-mezze/mezze-dolma.png,alpha_corners_clear,647f120ba91bcbbb7c8acbbebbe8c39a62b3124f2f7be9d4ee809e0829360f40,
mediterranean-mezze,Bàn ăn Địa Trung Hải,mezze-tzatziki,delivery/stickers/mediterranean-mezze/mezze-tzatziki.png,alpha_corners_clear,832ce84513bc04d6ff12bc2d7ab25b4fd628d5b2022b03e8f30c0fcbd086db5e,
mediterranean-mezze,Bàn ăn Địa Trung Hải,mezze-olive-dish,delivery/stickers/mediterranean-mezze/mezze-olive-dish.png,alpha_corners_clear,f3622028a218b9497dc484573b7dd575c822e34a2727f6e97cd8d3bc96be8b2e,
mediterranean-mezze,Bàn ăn Địa Trung Hải,mezze-baba-ganoush,delivery/_needs-alpha/mediterranean-mezze/mezze-baba-ganoush.png,needs_alpha,d48213053fb20c6125473a23b71ef10371c0c5f87742134eda620c96cc440a59,
mediterranean-mezze,Bàn ăn Địa Trung Hải,mezze-halloumi,delivery/_needs-alpha/mediterranean-mezze/mezze-halloumi.png,needs_alpha,282e16b1d39578c1a11fe2604802bce95e68ae9112ec7c1354bad6187fe36aa2,
picnic-day,Buổi picnic,picnic-hamper,delivery/_needs-alpha/picnic-day/picnic-hamper.png,needs_alpha,2a45ee656ac94fa8f71db81fe3674aa9b358edfd8bd96ae599fa11d3ee7a3c5c,
picnic-day,Buổi picnic,picnic-checkered-cloth,delivery/_needs-alpha/picnic-day/picnic-checkered-cloth.png,needs_alpha,11245005ecd38db6d9c80bdf7d6fe98d928e91d3a37d2bec54484e9d94f81fa7,
picnic-day,Buổi picnic,picnic-sandwich-wrap,delivery/stickers/picnic-day/picnic-sandwich-wrap.png,alpha_corners_clear,2fc188be1b61cb2528b63fb7978faa6f67f836a099bb0de3954c03c5cbfc0f18,
picnic-day,Buổi picnic,picnic-lemonade-dispenser,delivery/stickers/picnic-day/picnic-lemonade-dispenser.png,alpha_corners_clear,6ec5effd4a72000093a5eee480f78e78d98dcebc3a0a38a44d45ceb40c2cd5d2,
picnic-day,Buổi picnic,picnic-bento-box,delivery/stickers/picnic-day/picnic-bento-box.png,alpha_corners_clear,31ee4dccb67bdf47f872fda1884ed19267b8d6576cdb2dbbee68300d7b493a16,
picnic-day,Buổi picnic,picnic-insulated-flask,delivery/stickers/picnic-day/picnic-insulated-flask.png,alpha_corners_clear,2138c940bf04c3fa16f5370579ffef33aeff458141aec7a63e72c612e5b35df4,
picnic-day,Buổi picnic,picnic-reusable-cutlery,delivery/stickers/picnic-day/picnic-reusable-cutlery.png,alpha_corners_clear,60c324179b8560ed66ac882bb88e32bc855efbfce5d9db41d5bea252015da5d4,
picnic-day,Buổi picnic,picnic-grass-mat,delivery/stickers/picnic-day/picnic-grass-mat.png,alpha_corners_clear,958ef44d3cb08e92acd49075ebe117031ff9d42423aacdf6455501400342a9e9,
soap-making,Làm xà phòng,soap-lavender-bar,,missing,,
soap-making,Làm xà phòng,soap-loaf-mold,,missing,,
soap-making,Làm xà phòng,soap-wire-cutter,,missing,,
soap-making,Làm xà phòng,soap-silicone-flower-mold,,missing,,
soap-making,Làm xà phòng,soap-essential-oil,,missing,,
soap-making,Làm xà phòng,soap-mixing-pitcher,,missing,,
soap-making,Làm xà phòng,soap-oatmeal-bar,,missing,,
soap-making,Làm xà phòng,soap-curing-rack,,missing,,
glassblowing,Nghề thổi thủy tinh,glassblowing-pipe,,missing,,
glassblowing,Nghề thổi thủy tinh,glassblowing-jacks,,missing,,
glassblowing,Nghề thổi thủy tinh,glassblowing-marver,,missing,,
glassblowing,Nghề thổi thủy tinh,glassblowing-furnace,,missing,,
glassblowing,Nghề thổi thủy tinh,glassblowing-vase,,missing,,
glassblowing,Nghề thổi thủy tinh,glassblowing-paperweight,,missing,,
glassblowing,Nghề thổi thủy tinh,glassblowing-block,,missing,,
glassblowing,Nghề thổi thủy tinh,glassblowing-shears,,missing,,
leathercraft,Đồ da thủ công,leathercraft-stitching-pony,,missing,,
leathercraft,Đồ da thủ công,leathercraft-awl,,missing,,
leathercraft,Đồ da thủ công,leathercraft-edge-beveler,,missing,,
leathercraft,Đồ da thủ công,leathercraft-pricking-iron,,missing,,
leathercraft,Đồ da thủ công,leathercraft-mallet,,missing,,
leathercraft,Đồ da thủ công,leathercraft-saddle-stitch,,missing,,
leathercraft,Đồ da thủ công,leathercraft-belt-buckle,,missing,,
leathercraft,Đồ da thủ công,leathercraft-hide-roll,,missing,,
weaving-studio,Xưởng dệt,weaving-table-loom,,missing,,
weaving-studio,Xưởng dệt,weaving-shuttle,,missing,,
weaving-studio,Xưởng dệt,weaving-heddle,,missing,,
weaving-studio,Xưởng dệt,weaving-yarn-cones,,missing,,
weaving-studio,Xưởng dệt,weaving-warping-board,,missing,,
weaving-studio,Xưởng dệt,weaving-beater-comb,,missing,,
weaving-studio,Xưởng dệt,weaving-tapestry,,missing,,
weaving-studio,Xưởng dệt,weaving-drop-spindle,,missing,,
printmaking,Nghệ thuật in thủ công,printmaking-brayer,,missing,,
printmaking,Nghệ thuật in thủ công,printmaking-lino-block,,missing,,
printmaking,Nghệ thuật in thủ công,printmaking-gouge,,missing,,
printmaking,Nghệ thuật in thủ công,printmaking-ink-tube,,missing,,
printmaking,Nghệ thuật in thủ công,printmaking-baren,,missing,,
printmaking,Nghệ thuật in thủ công,printmaking-press,,missing,,
printmaking,Nghệ thuật in thủ công,printmaking-ink-slab,,missing,,
printmaking,Nghệ thuật in thủ công,printmaking-leaf-print,,missing,,
bookbinding,Đóng sách thủ công,bookbinding-press,,missing,,
bookbinding,Đóng sách thủ công,bookbinding-bone-folder,,missing,,
bookbinding,Đóng sách thủ công,bookbinding-sewing-frame,,missing,,
bookbinding,Đóng sách thủ công,bookbinding-signatures,,missing,,
bookbinding,Đóng sách thủ công,bookbinding-linen-thread,,missing,,
bookbinding,Đóng sách thủ công,bookbinding-glue-pot,,missing,,
bookbinding,Đóng sách thủ công,bookbinding-cloth-roll,,missing,,
bookbinding,Đóng sách thủ công,bookbinding-handbound-journal,,missing,,
clockmaking,Xưởng đồng hồ,clockmaking-pocket-watch,,missing,,
clockmaking,Xưởng đồng hồ,clockmaking-gear-train,,missing,,
clockmaking,Xưởng đồng hồ,clockmaking-pendulum,,missing,,
clockmaking,Xưởng đồng hồ,clockmaking-mainspring,,missing,,
clockmaking,Xưởng đồng hồ,clockmaking-loupe,,missing,,
clockmaking,Xưởng đồng hồ,clockmaking-oiler,,missing,,
clockmaking,Xưởng đồng hồ,clockmaking-key,,missing,,
clockmaking,Xưởng đồng hồ,clockmaking-movement-holder,,missing,,
detective-desk,Bàn thám tử,detective-magnifier,,missing,,
detective-desk,Bàn thám tử,detective-evidence-envelope,,missing,,
detective-desk,Bàn thám tử,detective-fingerprint-kit,,missing,,
detective-desk,Bàn thám tử,detective-trench-coat,,missing,,
detective-desk,Bàn thám tử,detective-notebook,,missing,,
detective-desk,Bàn thám tử,detective-evidence-marker,,missing,,
detective-desk,Bàn thám tử,detective-fingerprint-card,,missing,,
detective-desk,Bàn thám tử,detective-footprint-cast,,missing,,
shipwreck-diving,Khám phá tàu đắm,shipwreck-diving-helmet,,missing,,
shipwreck-diving,Khám phá tàu đắm,shipwreck-air-tank,,missing,,
shipwreck-diving,Khám phá tàu đắm,shipwreck-rusted-anchor,,missing,,
shipwreck-diving,Khám phá tàu đắm,shipwreck-porthole,,missing,,
shipwreck-diving,Khám phá tàu đắm,shipwreck-treasure-chest,,missing,,
shipwreck-diving,Khám phá tàu đắm,shipwreck-ship-bell,,missing,,
shipwreck-diving,Khám phá tàu đắm,shipwreck-diving-torch,,missing,,
shipwreck-diving,Khám phá tàu đắm,shipwreck-ceramic-bottle,,missing,,
desert-caravan,Đoàn lữ hành sa mạc,desert-dromedary,,missing,,
desert-caravan,Đoàn lữ hành sa mạc,desert-caravan-tent,,missing,,
desert-caravan,Đoàn lữ hành sa mạc,desert-water-skin,,missing,,
desert-caravan,Đoàn lữ hành sa mạc,desert-brass-coffee-pot,,missing,,
desert-caravan,Đoàn lữ hành sa mạc,desert-date-bunch,,missing,,
desert-caravan,Đoàn lữ hành sa mạc,desert-woven-saddlebag,,missing,,
desert-caravan,Đoàn lữ hành sa mạc,desert-sand-rose,,missing,,
desert-caravan,Đoàn lữ hành sa mạc,desert-navigation-compass,,missing,,
arctic-research,Trạm nghiên cứu Bắc Cực,arctic-research-hut,,missing,,
arctic-research,Trạm nghiên cứu Bắc Cực,arctic-ice-auger,,missing,,
arctic-research,Trạm nghiên cứu Bắc Cực,arctic-core-sample,,missing,,
arctic-research,Trạm nghiên cứu Bắc Cực,arctic-snowmobile,,missing,,
arctic-research,Trạm nghiên cứu Bắc Cực,arctic-sample-case,,missing,,
arctic-research,Trạm nghiên cứu Bắc Cực,arctic-expedition-parka,,missing,,
arctic-research,Trạm nghiên cứu Bắc Cực,arctic-satellite-phone,,missing,,
arctic-research,Trạm nghiên cứu Bắc Cực,arctic-snow-goggles,,missing,,
fairy-garden,Khu vườn tiên,fairy-acorn-house,,missing,,
fairy-garden,Khu vườn tiên,fairy-petal-chair,,missing,,
fairy-garden,Khu vườn tiên,fairy-thimble-bucket,,missing,,
fairy-garden,Khu vườn tiên,fairy-leaf-boat,,missing,,
fairy-garden,Khu vườn tiên,fairy-seed-lantern,,missing,,
fairy-garden,Khu vườn tiên,fairy-dewdrop-watering-can,,missing,,
fairy-garden,Khu vườn tiên,fairy-pebble-bridge,,missing,,
fairy-garden,Khu vườn tiên,fairy-winged-snail,,missing,,
herbal-apothecary,Tiệm thảo dược cổ tích,apothecary-mortar-pestle,,missing,,
herbal-apothecary,Tiệm thảo dược cổ tích,apothecary-herb-bundle,,missing,,
herbal-apothecary,Tiệm thảo dược cổ tích,apothecary-drawer-chest,,missing,,
herbal-apothecary,Tiệm thảo dược cổ tích,apothecary-potion-bottle,,missing,,
herbal-apothecary,Tiệm thảo dược cổ tích,apothecary-drying-rack,,missing,,
herbal-apothecary,Tiệm thảo dược cổ tích,apothecary-balance-scale,,missing,,
herbal-apothecary,Tiệm thảo dược cổ tích,apothecary-crescent-vial,,missing,,
herbal-apothecary,Tiệm thảo dược cổ tích,apothecary-herbal-salve,,missing,,
canal-town,Thị trấn bên kênh,canal-gabled-house,,missing,,
canal-town,Thị trấn bên kênh,canal-houseboat,,missing,,
canal-town,Thị trấn bên kênh,canal-stone-bridge,,missing,,
canal-town,Thị trấn bên kênh,canal-lock-gate,,missing,,
canal-town,Thị trấn bên kênh,canal-bicycle,,missing,,
canal-town,Thị trấn bên kênh,canal-quayside-lamp,,missing,,
canal-town,Thị trấn bên kênh,canal-flower-box,,missing,,
canal-town,Thị trấn bên kênh,canal-rowboat,,missing,,
accessible-everyday,Đồ dùng hỗ trợ tiếp cận,access-manual-wheelchair,,missing,,
accessible-everyday,Đồ dùng hỗ trợ tiếp cận,access-white-cane,,missing,,
accessible-everyday,Đồ dùng hỗ trợ tiếp cận,access-hearing-aid,,missing,,
accessible-everyday,Đồ dùng hỗ trợ tiếp cận,access-braille-slate,,missing,,
accessible-everyday,Đồ dùng hỗ trợ tiếp cận,access-forearm-crutch,,missing,,
accessible-everyday,Đồ dùng hỗ trợ tiếp cận,access-walker,,missing,,
accessible-everyday,Đồ dùng hỗ trợ tiếp cận,access-reaching-aid,,missing,,
accessible-everyday,Đồ dùng hỗ trợ tiếp cận,access-portable-ramp,,missing,,
